phone\feature,variant,segmental,consonantal,sonorant,syllabic,labial,round,protruded,compressed,labiodental,coronal,anterior,distributed,dorsal,high,low,front,back,tense,pharyngeal,atr,rtr,voice,spread_glottis,constricted_glottis,glottalic_suction,velaric_suction,continuant,approximant,strident,lateral,delayed_release,nasal,description
t,0,1,1,-1,-1,-1,0,0,0,0,1,1,-1,-1,0,0,0,0,0,-1,0,0,-1,-1,-1,-1,-1,-1,-1,-1,-1,-1,-1,Voiceless alveolar stop
t͇,2,1,1,-1,-1,-1,0,0,0,0,1,1,-1,-1,0,0,0,0,0,-1,0,0,-1,-1,-1,-1,-1,-1,-1,-1,-1,-1,-1,Voiceless alveolar stop
t̪,0,1,1,-1,-1,-1,0,0,0,0,1,1,1,-1,0,0,0,0,0,-1,0,0,-1,-1,-1,-1,-1,-1,-1,-1,-1,-1,-1,Voiceless dental stop
t̠,0,1,1,-1,-1,-1,0,0,0,0,1,-1,1,-1,0,0,0,0,0,-1,0,0,-1,-1,-1,-1,-1,-1,-1,-1,-1,-1,-1,Voiceless postalveolar stop
d,0,1,1,-1,-1,-1,0,0,0,0,1,1,-1,-1,0,0,0,0,0,-1,0,0,1,-1,-1,-1,-1,-1,-1,-1,-1,-1,-1,Voiced alveolar stop
d͇,2,1,1,-1,-1,-1,0,0,0,0,1,1,-1,-1,0,0,0,0,0,-1,0,0,1,-1,-1,-1,-1,-1,-1,-1,-1,-1,-1,Voiced alveolar stop
d̪,0,1,1,-1,-1,-1,0,0,0,0,1,1,1,-1,0,0,0,0,0,-1,0,0,1,-1,-1,-1,-1,-1,-1,-1,-1,-1,-1,Voiced dental stop
d̠,0,1,1,-1,-1,-1,0,0,0,0,1,-1,1,-1,0,0,0,0,0,-1,0,0,1,-1,-1,-1,-1,-1,-1,-1,-1,-1,-1,Voiced postalveolar stop
s,0,1,1,-1,-1,-1,0,0,0,0,1,1,-1,-1,0,0,0,0,0,-1,0,0,-1,-1,-1,-1,-1,1,-1,1,-1,-1,-1,Voiceless alveolar sibilant
s͇,2,1,1,-1,-1,-1,0,0,0,0,1,1,-1,-1,0,0,0,0,0,-1,0,0,-1,-1,-1,-1,-1,1,-1,1,-1,-1,-1,Voiceless alveolar sibilant
s̪,0,1,1,-1,-1,-1,0,0,0,0,1,1,1,-1,0,0,0,0,0,-1,0,0,-1,-1,-1,-1,-1,1,-1,1,-1,-1,-1,Voiceless dental sibilant
s̟,2,1,1,-1,-1,-1,0,0,0,0,1,1,1,-1,0,0,0,0,0,-1,0,0,-1,-1,-1,-1,-1,1,-1,1,-1,-1,-1,Voiceless dental sibilant
s̠,0,1,1,-1,-1,-1,0,0,0,0,1,1,-1,-1,0,0,0,0,0,-1,0,0,-1,-1,-1,-1,-1,1,-1,1,-1,-1,-1,Voiceless alveolar retracted sibilant
s̺,2,1,1,-1,-1,-1,0,0,0,0,1,1,-1,-1,0,0,0,0,0,-1,0,0,-1,-1,-1,-1,-1,1,-1,1,-1,-1,-1,Voiceless alveolar retracted sibilant
ṣ,9,1,1,-1,-1,-1,0,0,0,0,1,1,-1,-1,0,0,0,0,0,-1,0,0,-1,-1,-1,-1,-1,1,-1,1,-1,-1,-1,Voiceless alveolar retracted sibilant
z,0,1,1,-1,-1,-1,0,0,0,0,1,1,-1,-1,0,0,0,0,0,-1,0,0,1,-1,-1,-1,-1,1,-1,1,-1,-1,-1,Voiced alveolar sibilant
z͇,2,1,1,-1,-1,-1,0,0,0,0,1,1,-1,-1,0,0,0,0,0,-1,0,0,1,-1,-1,-1,-1,1,-1,1,-1,-1,-1,Voiced alveolar sibilant
z̪,0,1,1,-1,-1,-1,0,0,0,0,1,1,1,-1,0,0,0,0,0,-1,0,0,1,-1,-1,-1,-1,1,-1,1,-1,-1,-1,Voiced alveolar fronted sibilant
z̟,2,1,1,-1,-1,-1,0,0,0,0,1,1,1,-1,0,0,0,0,0,-1,0,0,1,-1,-1,-1,-1,1,-1,1,-1,-1,-1,Voiced alveolar fronted sibilant
z̠,0,1,1,-1,-1,-1,0,0,0,0,1,1,-1,-1,0,0,0,0,0,-1,0,0,1,-1,-1,-1,-1,1,-1,1,-1,-1,-1,Voiced alveolar retracted sibilant
z̺,2,1,1,-1,-1,-1,0,0,0,0,1,1,-1,-1,0,0,0,0,0,-1,0,0,1,-1,-1,-1,-1,1,-1,1,-1,-1,-1,Voiced alveolar retracted sibilant
θ̱,0,1,1,-1,-1,-1,0,0,0,0,1,1,-1,-1,0,0,0,0,0,-1,0,0,-1,-1,-1,-1,-1,1,-1,-1,-1,-1,-1,Voiceless alveolar non-sibilant fricative
θ͇,2,1,1,-1,-1,-1,0,0,0,0,1,1,-1,-1,0,0,0,0,0,-1,0,0,-1,-1,-1,-1,-1,1,-1,-1,-1,-1,-1,Voiceless alveolar non-sibilant fricative
ɹ̝̊,2,1,1,-1,-1,-1,0,0,0,0,1,1,-1,-1,0,0,0,0,0,-1,0,0,-1,-1,-1,-1,-1,1,-1,-1,-1,-1,-1,Voiceless alveolar non-sibilant fricative
ð̠,0,1,1,-1,-1,-1,0,0,0,0,1,1,-1,-1,0,0,0,0,0,-1,0,0,1,-1,-1,-1,-1,1,-1,-1,-1,-1,-1,Voiced alveolar non-sibilant fricative
ð͇,2,1,1,-1,-1,-1,0,0,0,0,1,1,-1,-1,0,0,0,0,0,-1,0,0,1,-1,-1,-1,-1,1,-1,-1,-1,-1,-1,Voiced alveolar non-sibilant fricative
ɹ̝,2,1,1,-1,-1,-1,0,0,0,0,1,1,-1,-1,0,0,0,0,0,-1,0,0,1,-1,-1,-1,-1,1,-1,-1,-1,-1,-1,Voiced alveolar non-sibilant fricative
ɬ,0,1,1,-1,-1,-1,0,0,0,0,1,1,-1,-1,0,0,0,0,0,-1,0,0,-1,1,-1,-1,-1,1,-1,-1,1,-1,-1,Voiceless alveolar lateral fricative
ɮ,0,1,1,-1,-1,-1,0,0,0,0,1,1,-1,-1,0,0,0,0,0,-1,0,0,1,-1,-1,-1,-1,1,-1,-1,1,-1,-1,Voiced alveolar lateral fricative
θ,0,1,1,-1,-1,-1,0,0,0,0,1,1,-1,-1,0,0,0,0,0,-1,0,0,-1,-1,-1,-1,-1,1,-1,-1,-1,-1,-1,Voiceless dental non-sibilant fricative
þ,9,1,1,-1,-1,-1,0,0,0,0,1,1,-1,-1,0,0,0,0,0,-1,0,0,-1,-1,-1,-1,-1,1,-1,-1,-1,-1,-1,Voiceless dental non-sibilant fricative
s̄,5,1,1,-1,-1,-1,0,0,0,0,1,1,1,-1,0,0,0,0,0,-1,0,0,-1,-1,-1,-1,-1,1,-1,1,-1,-1,-1,Voiceless corono-dentoalveolar sibilant
θṣ,5,1,1,-1,-1,-1,0,0,0,0,1,1,1,-1,0,0,0,0,0,-1,0,0,-1,-1,-1,-1,-1,1,-1,1,-1,-1,-1,Voiceless corono-dentoalveolar sibilant
ð,0,1,1,-1,-1,-1,0,0,0,0,1,1,-1,-1,0,0,0,0,0,-1,0,0,1,-1,-1,-1,-1,1,-1,-1,-1,-1,-1,Voiced dental fricative
ð̞,0,1,1,1,-1,-1,0,0,0,0,1,1,-1,-1,0,0,0,0,0,-1,0,0,1,-1,-1,-1,-1,1,1,-1,-1,-1,-1,Voiced dental approximant
ʃ,0,1,1,-1,-1,-1,0,0,0,0,1,-1,1,-1,0,0,0,0,0,-1,0,0,-1,-1,-1,-1,-1,1,-1,1,-1,-1,-1,Voiceless palato-alveolar sibilant
ʃʲ,2,1,1,-1,-1,-1,0,0,0,0,1,-1,1,-1,0,0,0,0,0,-1,0,0,-1,-1,-1,-1,-1,1,-1,1,-1,-1,-1,Voiceless palato-alveolar sibilant
š,1,1,1,-1,-1,-1,0,0,0,0,1,-1,1,-1,0,0,0,0,0,-1,0,0,-1,-1,-1,-1,-1,1,-1,1,-1,-1,-1,Voiceless palato-alveolar sibilant
ɹ̠̊˔,0,1,1,-1,-1,-1,0,0,0,0,1,-1,1,1,0,0,0,0,0,-1,0,0,-1,-1,-1,-1,-1,1,-1,1,-1,-1,-1,Voiceless postalveolar non-sibilant fricative
ʒ,0,1,1,-1,-1,-1,0,0,0,0,1,-1,1,-1,0,0,0,0,0,-1,0,0,1,-1,-1,-1,-1,1,-1,1,-1,-1,-1,Voiced palato-alveolar sibilant
ʒʲ,2,1,1,-1,-1,-1,0,0,0,0,1,-1,1,-1,0,0,0,0,0,-1,0,0,1,-1,-1,-1,-1,1,-1,1,-1,-1,-1,Voiced palato-alveolar sibilant
ž,1,1,1,-1,-1,-1,0,0,0,0,1,-1,1,-1,0,0,0,0,0,-1,0,0,1,-1,-1,-1,-1,1,-1,1,-1,-1,-1,Voiced palato-alveolar sibilant
ɹ̠˔,0,1,1,-1,-1,-1,0,0,0,0,1,-1,1,-1,0,0,0,0,0,-1,0,0,1,-1,-1,-1,-1,1,-1,-1,-1,-1,-1,Voiced postalveolar non-sibilant fricative
c,0,1,1,-1,-1,-1,0,0,0,0,1,-1,1,1,1,-1,-1,-1,-1,-1,0,0,-1,-1,-1,-1,-1,-1,-1,-1,-1,-1,-1,Voiceless palatal stop
k̟,0,1,1,-1,-1,-1,0,0,0,0,1,-1,1,1,1,-1,-1,1,-1,-1,0,0,-1,-1,-1,-1,-1,-1,-1,-1,-1,-1,-1,Voiceless pre-velar stop
c̠,2,1,1,-1,-1,-1,0,0,0,0,1,-1,1,1,1,-1,-1,1,-1,-1,0,0,-1,-1,-1,-1,-1,-1,-1,-1,-1,-1,-1,Voiceless pre-velar stop
ɟ,0,1,1,-1,-1,-1,0,0,0,0,1,-1,1,1,1,-1,-1,-1,-1,-1,0,0,1,-1,-1,-1,-1,-1,-1,-1,-1,-1,-1,Voiced palatal stop
g̟,0,1,1,-1,-1,-1,0,0,0,0,1,-1,1,1,1,-1,-1,1,-1,-1,0,0,1,-1,-1,-1,-1,-1,-1,-1,-1,-1,-1,Voiced pre-velar stop
ɟ̠,2,1,1,-1,-1,-1,0,0,0,0,1,-1,1,1,1,-1,-1,1,-1,-1,0,0,1,-1,-1,-1,-1,-1,-1,-1,-1,-1,-1,Voiced pre-velar stop
ç,0,1,1,-1,-1,-1,0,0,0,0,1,-1,1,1,1,-1,-1,-1,-1,-1,0,0,-1,-1,-1,-1,-1,1,-1,-1,-1,-1,-1,Voiceless palatal fricative
x̟,0,1,1,-1,-1,-1,0,0,0,0,1,-1,1,1,1,-1,-1,1,-1,-1,0,0,-1,-1,-1,-1,-1,1,-1,-1,-1,-1,-1,Voiceless pre-velar fricative
ç̄,2,1,1,-1,-1,-1,0,0,0,0,1,-1,1,1,1,-1,-1,1,-1,-1,0,0,-1,-1,-1,-1,-1,1,-1,-1,-1,-1,-1,Voiceless pre-velar fricative
ʝ,0,1,1,-1,-1,-1,0,0,0,0,1,-1,1,1,1,-1,-1,-1,-1,-1,0,0,1,-1,-1,-1,-1,1,-1,-1,-1,-1,-1,Voiced palatal fricative
ɣ̟,0,1,1,-1,-1,-1,0,0,0,0,1,-1,1,1,1,-1,-1,1,-1,-1,0,0,1,-1,-1,-1,-1,1,-1,-1,-1,-1,-1,Voiced pre-velar fricative
ʝ̠,2,1,1,-1,-1,-1,0,0,0,0,1,-1,1,1,1,-1,-1,1,-1,-1,0,0,1,-1,-1,-1,-1,1,-1,-1,-1,-1,-1,Voiced pre-velar fricative
p,0,1,1,-1,-1,1,-1,-1,-1,-1,-1,0,0,-1,0,0,0,0,0,-1,0,0,-1,-1,-1,-1,-1,-1,-1,-1,-1,-1,-1,Voiceless bilabial stop
p̪,0,1,1,-1,-1,1,-1,-1,-1,1,-1,0,0,-1,0,0,0,0,0,-1,0,0,-1,-1,-1,-1,-1,-1,-1,-1,-1,-1,-1,Voiceless labiodental stop
p͆,2,1,1,-1,-1,1,-1,-1,-1,1,-1,0,0,-1,0,0,0,0,0,-1,0,0,-1,-1,-1,-1,-1,-1,-1,-1,-1,-1,-1,Voiceless labiodental stop
ȹ,9,1,1,-1,-1,1,-1,-1,-1,1,-1,0,0,-1,0,0,0,0,0,-1,0,0,-1,-1,-1,-1,-1,-1,-1,-1,-1,-1,-1,Voiceless labiodental stop
b,0,1,1,-1,-1,1,-1,-1,-1,-1,-1,0,0,-1,0,0,0,0,0,-1,0,0,1,-1,-1,-1,-1,-1,-1,-1,-1,-1,-1,Voiced bilabial stop
b̪,0,1,1,-1,-1,1,-1,-1,-1,1,-1,0,0,-1,0,0,0,0,0,-1,0,0,1,-1,-1,-1,-1,-1,-1,-1,-1,-1,-1,Voiced labiodental stop
b͆,2,1,1,-1,-1,1,-1,-1,-1,1,-1,0,0,-1,0,0,0,0,0,-1,0,0,1,-1,-1,-1,-1,-1,-1,-1,-1,-1,-1,Voiced labiodental stop
ȸ,9,1,1,-1,-1,1,-1,-1,-1,1,-1,0,0,-1,0,0,0,0,0,-1,0,0,1,-1,-1,-1,-1,-1,-1,-1,-1,-1,-1,Voiced labiodental stop
f,0,1,1,-1,-1,1,-1,-1,-1,1,-1,0,0,-1,0,0,0,0,0,-1,0,0,-1,-1,-1,-1,-1,1,-1,-1,-1,-1,-1,Voiceless labiodental fricative
v,0,1,1,-1,-1,1,-1,-1,-1,1,-1,0,0,-1,0,0,0,0,0,-1,0,0,1,-1,-1,-1,-1,1,-1,-1,-1,-1,-1,Voiced labiodental fricative
ɸ,0,1,1,-1,-1,1,-1,-1,-1,-1,-1,0,0,-1,0,0,0,0,0,-1,0,0,-1,-1,-1,-1,-1,1,-1,-1,-1,-1,-1,Voiceless bilabial fricative
ɸ̞,0,1,1,1,-1,1,-1,-1,-1,-1,-1,0,0,-1,0,0,0,0,0,-1,0,0,-1,-1,-1,-1,-1,1,1,-1,-1,-1,-1,Voiceless bilabial approximant
β,0,1,1,-1,-1,1,-1,-1,-1,-1,-1,0,0,-1,0,0,0,0,0,-1,0,0,1,-1,-1,-1,-1,1,-1,-1,-1,-1,-1,Voiced bilabial fricative
β̞,0,1,1,1,-1,1,-1,-1,-1,-1,-1,0,0,-1,0,0,0,0,0,-1,0,0,1,-1,-1,-1,-1,1,1,-1,-1,-1,-1,Voiced bilabial approximant
k,0,1,1,-1,-1,-1,0,0,0,0,-1,0,0,1,1,-1,-1,1,-1,-1,0,0,-1,-1,-1,-1,-1,-1,-1,-1,-1,-1,-1,Voiceless velar stop
ɡ,0,1,1,-1,-1,-1,0,0,0,0,-1,0,0,1,1,-1,-1,1,-1,-1,0,0,1,-1,-1,-1,-1,-1,-1,-1,-1,-1,-1,Voiced velar stop
g,2,1,1,-1,-1,-1,0,0,0,0,-1,0,0,1,1,-1,-1,1,-1,-1,0,0,1,-1,-1,-1,-1,-1,-1,-1,-1,-1,-1,Voiced velar stop
x,0,1,1,-1,-1,-1,0,0,0,0,-1,0,0,1,1,-1,-1,1,-1,-1,0,0,-1,-1,-1,-1,-1,1,-1,-1,-1,-1,-1,Voiceless velar fricative
x̞,0,1,1,1,-1,-1,0,0,0,0,-1,0,0,1,1,-1,-1,1,-1,-1,0,0,-1,-1,-1,-1,-1,1,1,-1,-1,-1,-1,Voiceless velar approximant
ɣ,0,1,1,-1,-1,-1,0,0,0,0,-1,0,0,1,1,-1,-1,1,-1,-1,0,0,1,-1,-1,-1,-1,1,-1,-1,-1,-1,-1,Voiced velar fricative
ɰ,0,1,-1,1,-1,1,-1,-1,-1,-1,-1,0,0,1,1,-1,-1,1,-1,-1,0,0,1,-1,-1,-1,-1,1,1,-1,-1,-1,-1,Voiced velar approximant
ɣ̞,2,1,1,1,-1,-1,0,0,0,0,-1,0,0,1,1,-1,-1,1,-1,-1,0,0,1,-1,-1,-1,-1,1,1,-1,-1,-1,-1,Voiced velar approximant
ɣ˕,2,1,1,1,-1,-1,0,0,0,0,-1,0,0,1,1,-1,-1,1,-1,-1,0,0,1,-1,-1,-1,-1,1,1,-1,-1,-1,-1,Voiced velar approximant
q,0,1,1,-1,-1,-1,0,0,0,0,-1,0,0,1,-1,-1,-1,1,-1,-1,0,0,-1,-1,-1,-1,-1,-1,-1,-1,-1,-1,-1,Voiceless uvular stop
ɢ,0,1,1,-1,-1,-1,0,0,0,0,-1,0,0,1,-1,-1,-1,1,-1,-1,0,0,1,-1,-1,-1,-1,-1,-1,-1,-1,-1,-1,Voiced uvular stop
χ,0,1,1,-1,-1,-1,0,0,0,0,-1,0,0,1,-1,-1,-1,1,-1,-1,0,0,-1,-1,-1,-1,-1,1,-1,-1,-1,-1,-1,Voiceless uvular fricative
x̣,1,1,1,-1,-1,-1,0,0,0,0,-1,0,0,1,-1,-1,-1,1,-1,-1,0,0,-1,-1,-1,-1,-1,1,-1,-1,-1,-1,-1,Voiceless uvular fricative
ẋ,3,1,1,-1,-1,-1,0,0,0,0,-1,0,0,1,-1,-1,-1,1,-1,-1,0,0,-1,-1,-1,-1,-1,1,-1,-1,-1,-1,-1,Voiceless uvular fricative
χ̞,0,1,1,1,-1,-1,0,0,0,0,-1,0,0,1,-1,-1,-1,1,-1,-1,0,0,-1,-1,-1,-1,-1,1,1,-1,-1,-1,-1,Voiceless uvular approximant
ʁ,0,1,1,-1,-1,-1,0,0,0,0,-1,0,0,1,-1,-1,-1,1,-1,-1,0,0,1,-1,-1,-1,-1,1,-1,-1,-1,-1,-1,Voiced uvular fricative
ʁ̝,2,1,1,-1,-1,-1,0,0,0,0,-1,0,0,1,-1,-1,-1,1,-1,-1,0,0,1,-1,-1,-1,-1,1,-1,-1,-1,-1,-1,Voiced uvular fricative
ʁ̞,0,1,1,1,-1,-1,0,0,0,0,-1,0,0,1,-1,-1,-1,1,-1,-1,0,0,1,-1,-1,-1,-1,1,1,-1,-1,-1,-1,Voiced uvular approximant
ħ,0,1,1,-1,-1,-1,0,0,0,0,-1,0,0,-1,0,0,0,0,0,1,-1,1,-1,-1,-1,-1,-1,1,-1,-1,-1,-1,-1,Voiceless pharyngeal fricative
ħ̞,0,1,1,1,-1,-1,0,0,0,0,-1,0,0,-1,0,0,0,0,0,1,-1,1,-1,-1,-1,-1,-1,1,1,-1,-1,-1,-1,Voiceless pharyngeal approximant
ʕ,0,1,1,-1,-1,-1,0,0,0,0,-1,0,0,-1,0,0,0,0,0,1,-1,1,-1,-1,-1,-1,-1,1,-1,-1,-1,-1,-1,Voiced pharyngeal fricative
ʕ̝,2,1,1,-1,-1,-1,0,0,0,0,-1,0,0,-1,0,0,0,0,0,1,-1,1,-1,-1,-1,-1,-1,1,-1,-1,-1,-1,-1,Voiced pharyngeal fricative
ʕ̞,0,1,1,1,-1,-1,0,0,0,0,-1,0,0,-1,0,0,0,0,0,1,-1,1,-1,-1,-1,-1,-1,1,1,-1,-1,-1,-1,Voiced pharyngeal approximant
ɑ̯,2,1,1,1,-1,-1,0,0,0,0,-1,0,0,-1,0,0,0,0,0,1,-1,1,-1,-1,-1,-1,-1,1,1,-1,-1,-1,-1,Voiced pharyngeal approximant
h,0,1,-1,-1,-1,-1,0,0,0,0,-1,0,0,-1,0,0,0,0,0,-1,0,0,-1,1,-1,-1,-1,1,-1,-1,-1,-1,-1,Voiceless glottal fricative
h̃,0,1,-1,1,-1,-1,0,0,0,0,-1,0,0,-1,0,0,0,0,0,-1,0,0,-1,1,-1,-1,-1,1,1,-1,-1,-1,1,Voiceless nasal glottal approximant
ɦ,0,1,-1,-1,-1,-1,0,0,0,0,-1,0,0,-1,0,0,0,0,0,-1,0,0,1,1,-1,-1,-1,1,-1,-1,-1,-1,-1,Voiced glottal fricative
ʔ,0,1,-1,-1,-1,-1,0,0,0,0,-1,0,0,-1,0,0,0,0,0,-1,0,0,-1,-1,1,-1,-1,-1,-1,-1,-1,-1,-1,Glottal stop
?,9,1,-1,-1,-1,-1,0,0,0,0,-1,0,0,-1,0,0,0,0,0,-1,0,0,-1,-1,1,-1,-1,-1,-1,-1,-1,-1,-1,Glottal stop
m,0,1,1,1,-1,1,-1,-1,-1,-1,-1,0,0,-1,0,0,0,0,0,-1,0,0,1,-1,-1,-1,-1,-1,-1,-1,-1,-1,1,Bilabial nasal
m̥,0,1,1,1,-1,1,-1,-1,-1,-1,-1,0,0,-1,0,0,0,0,0,-1,0,0,-1,-1,-1,-1,-1,-1,-1,-1,-1,-1,1,Voiceless bilabial nasal
ɱ,0,1,1,1,-1,1,-1,-1,-1,1,-1,0,0,-1,0,0,0,0,0,-1,0,0,1,-1,-1,-1,-1,-1,-1,-1,-1,-1,1,Labiodental nasal
m̪,2,1,1,1,-1,1,-1,-1,-1,1,-1,0,0,-1,0,0,0,0,0,-1,0,0,1,-1,-1,-1,-1,-1,-1,-1,-1,-1,1,Labiodental nasal
n,0,1,1,1,-1,-1,0,0,0,0,1,1,-1,-1,0,0,0,0,0,-1,0,0,1,-1,-1,-1,-1,-1,-1,-1,-1,-1,1,Alveolar nasal
n̪,0,1,1,1,-1,-1,0,0,0,0,1,1,1,-1,0,0,0,0,0,-1,0,0,1,-1,-1,-1,-1,-1,-1,-1,-1,-1,1,Dental nasal
n̥,0,1,1,1,-1,-1,0,0,0,0,1,1,-1,-1,0,0,0,0,0,-1,0,0,-1,-1,-1,-1,-1,-1,-1,-1,-1,-1,1,Voiceless alveolar nasal
n̊,2,1,1,1,-1,-1,0,0,0,0,1,1,-1,-1,0,0,0,0,0,-1,0,0,-1,-1,-1,-1,-1,-1,-1,-1,-1,-1,1,Voiceless alveolar nasal
n̪̊,0,1,1,1,-1,-1,0,0,0,0,1,1,1,-1,0,0,0,0,0,-1,0,0,-1,-1,-1,-1,-1,-1,-1,-1,-1,-1,1,Voiceless dental nasal
ɳ,0,1,1,1,-1,-1,0,0,0,0,1,-1,-1,-1,0,0,0,0,0,-1,0,0,1,-1,-1,-1,-1,-1,-1,-1,-1,-1,1,Retroflex nasal
ɳ̊,0,1,1,1,-1,-1,0,0,0,0,1,-1,-1,-1,0,0,0,0,0,-1,0,0,-1,-1,-1,-1,-1,-1,-1,-1,-1,-1,1,Voiceless retroflex nasal
ɳ̥,2,1,1,1,-1,-1,0,0,0,0,1,-1,-1,-1,0,0,0,0,0,-1,0,0,-1,-1,-1,-1,-1,-1,-1,-1,-1,-1,1,Voiceless retroflex nasal
ɲ,0,1,1,1,-1,-1,0,0,0,0,-1,0,0,1,1,-1,-1,-1,-1,-1,0,0,1,-1,-1,-1,-1,-1,-1,-1,-1,-1,1,Palatal nasal
ñ,1,1,1,1,-1,-1,0,0,0,0,-1,0,0,1,1,-1,-1,-1,-1,-1,0,0,1,-1,-1,-1,-1,-1,-1,-1,-1,-1,1,Palatal nasal
n̠ʲ,0,1,1,1,-1,-1,0,0,0,0,1,-1,1,1,1,-1,-1,-1,-1,-1,0,0,1,-1,-1,-1,-1,-1,-1,-1,-1,-1,1,Alveolo-palatal nasal
ɲ̟,2,1,1,1,-1,-1,0,0,0,0,1,-1,1,1,1,-1,-1,-1,-1,-1,0,0,1,-1,-1,-1,-1,-1,-1,-1,-1,-1,1,Alveolo-palatal nasal
ȵ,4,1,1,1,-1,-1,0,0,0,0,1,-1,1,1,1,-1,-1,-1,-1,-1,0,0,1,-1,-1,-1,-1,-1,-1,-1,-1,-1,1,Alveolo-palatal nasal
ɲ̊,0,1,1,1,-1,-1,0,0,0,0,-1,0,0,1,1,-1,-1,-1,-1,-1,0,0,-1,-1,-1,-1,-1,-1,-1,-1,-1,-1,1,Voiceless palatal nasal
ɲ̥,2,1,1,1,-1,-1,0,0,0,0,-1,0,0,1,1,-1,-1,-1,-1,-1,0,0,-1,-1,-1,-1,-1,-1,-1,-1,-1,-1,1,Voiceless palatal nasal
ŋ̟,0,1,1,1,-1,-1,0,0,0,0,1,-1,1,1,1,-1,-1,1,-1,-1,0,0,1,-1,-1,-1,-1,-1,-1,-1,-1,-1,1,Voiced pre-velar nasal
ɲ̄,2,1,1,1,-1,-1,0,0,0,0,1,-1,1,1,1,-1,-1,1,-1,-1,0,0,1,-1,-1,-1,-1,-1,-1,-1,-1,-1,1,Voiced pre-velar nasal
ŋ,0,1,1,1,-1,-1,0,0,0,0,-1,0,0,1,1,-1,-1,1,-1,-1,0,0,1,-1,-1,-1,-1,-1,-1,-1,-1,-1,1,Velar nasal
ŋ̊,0,1,1,1,-1,-1,0,0,0,0,-1,0,0,1,1,-1,-1,1,-1,-1,0,0,-1,-1,-1,-1,-1,-1,-1,-1,-1,-1,1,Voiceless velar nasal
ɴ,0,1,1,1,-1,-1,0,0,0,0,-1,0,0,1,-1,-1,-1,1,-1,-1,0,0,1,-1,-1,-1,-1,-1,-1,-1,-1,-1,1,Uvular nasal
l,0,1,1,1,-1,-1,0,0,0,0,1,1,-1,-1,0,0,0,0,0,-1,0,0,1,-1,-1,-1,-1,1,1,-1,1,-1,-1,Voiced alveolar lateral approximant
l̠,0,1,1,1,-1,-1,0,0,0,0,1,-1,1,-1,0,0,0,0,0,-1,0,0,1,-1,-1,-1,-1,1,1,-1,1,-1,-1,Voiced postalveolar lateral approximant
l̪,0,1,1,1,-1,-1,0,0,0,0,1,1,1,-1,0,0,0,0,0,-1,0,0,1,-1,-1,-1,-1,1,1,-1,1,-1,-1,Voiced dental lateral approximant
ɫ,0,1,1,1,-1,-1,0,0,0,0,1,1,-1,1,1,-1,-1,1,-1,-1,0,0,1,-1,-1,-1,-1,1,1,-1,1,-1,-1,voiced velarized alveolar lateral approximant
lˠ,2,1,1,1,-1,-1,0,0,0,0,1,1,-1,1,1,-1,-1,1,-1,-1,0,0,1,-1,-1,-1,-1,1,1,-1,1,-1,-1,voiced velarized alveolar lateral approximant
lˤ,2,1,1,1,-1,-1,0,0,0,0,1,1,-1,1,1,-1,-1,1,-1,-1,0,0,1,-1,-1,-1,-1,1,1,-1,1,-1,-1,voiced velarized alveolar lateral approximant
l̴,2,1,1,1,-1,-1,0,0,0,0,1,1,-1,1,1,-1,-1,1,-1,-1,0,0,1,-1,-1,-1,-1,1,1,-1,1,-1,-1,voiced velarized alveolar lateral approximant
ɫ̪,0,1,1,1,-1,-1,0,0,0,0,1,1,1,1,1,-1,-1,1,-1,-1,0,0,1,-1,-1,-1,-1,1,1,-1,1,-1,-1,voiced velarized dental lateral approximant
l̪ˠ,2,1,1,1,-1,-1,0,0,0,0,1,1,1,1,1,-1,-1,1,-1,-1,0,0,1,-1,-1,-1,-1,1,1,-1,1,-1,-1,voiced velarized dental lateral approximant
l̪ˤ,2,1,1,1,-1,-1,0,0,0,0,1,1,1,1,1,-1,-1,1,-1,-1,0,0,1,-1,-1,-1,-1,1,1,-1,1,-1,-1,voiced velarized dental lateral approximant
l̴̪,2,1,1,1,-1,-1,0,0,0,0,1,1,1,1,1,-1,-1,1,-1,-1,0,0,1,-1,-1,-1,-1,1,1,-1,1,-1,-1,voiced velarized dental lateral approximant
l̥,0,1,1,1,-1,-1,0,0,0,0,1,1,-1,-1,0,0,0,0,0,-1,0,0,-1,-1,-1,-1,-1,1,1,-1,1,-1,-1,Voiceless alveolar lateral approximant
ʎ,0,1,1,1,-1,-1,0,0,0,0,-1,0,0,1,1,-1,-1,-1,-1,-1,0,0,1,-1,-1,-1,-1,1,1,-1,1,-1,-1,Palatal lateral approximant
l̠ʲ,0,1,1,1,-1,-1,0,0,0,0,1,-1,1,1,1,-1,-1,-1,-1,-1,0,0,1,-1,-1,-1,-1,1,1,-1,1,-1,-1,Alveolo-palatal lateral approximant
ʎ̟,2,1,1,1,-1,-1,0,0,0,0,1,-1,1,1,1,-1,-1,-1,-1,-1,0,0,1,-1,-1,-1,-1,1,1,-1,1,-1,-1,Alveolo-palatal lateral approximant
ȴ,4,1,1,1,-1,-1,0,0,0,0,1,-1,1,1,1,-1,-1,-1,-1,-1,0,0,1,-1,-1,-1,-1,1,1,-1,1,-1,-1,Alveolo-palatal lateral approximant
ʟ,0,1,1,1,-1,-1,0,0,0,0,-1,0,0,1,1,-1,-1,1,-1,-1,0,0,1,-1,-1,-1,-1,1,1,-1,1,-1,-1,Velar lateral approximant
r,0,1,1,1,-1,-1,0,0,0,0,1,1,-1,-1,0,0,0,0,0,-1,0,0,1,-1,-1,-1,-1,1,1,-1,-1,-1,-1,Voiced alveolar trill
r̝,0,1,1,1,-1,-1,0,0,0,0,1,1,1,-1,0,0,0,0,0,-1,0,0,1,-1,-1,-1,-1,1,1,-1,-1,-1,-1,Raised alveolar trill
r̥,0,1,1,1,-1,-1,0,0,0,0,1,1,-1,-1,0,0,0,0,0,-1,0,0,-1,-1,-1,-1,-1,1,1,-1,-1,-1,-1,Voiceless alveolar trill
r̝̊,0,1,1,1,-1,-1,0,0,0,0,1,1,1,-1,0,0,0,0,0,-1,0,0,-1,-1,-1,-1,-1,1,1,-1,-1,-1,-1,Voiceless raised alveolar non-sonorant trill
ɹ,0,1,1,1,-1,-1,0,0,0,0,1,1,-1,-1,0,0,0,0,0,-1,0,0,1,-1,-1,-1,-1,1,1,-1,-1,-1,-1,Alveolar approximant
ð̠˕,2,1,1,1,-1,-1,0,0,0,0,1,1,-1,-1,0,0,0,0,0,-1,0,0,1,-1,-1,-1,-1,1,1,-1,-1,-1,-1,Alveolar approximant
ʀ,0,1,1,1,-1,-1,0,0,0,0,-1,0,0,1,-1,-1,-1,1,-1,-1,0,0,1,-1,-1,-1,-1,1,1,-1,-1,-1,-1,Uvular trill
ʀ̝,0,1,1,1,-1,-1,0,0,0,0,-1,0,0,1,1,-1,-1,1,-1,-1,0,0,1,-1,-1,-1,-1,1,1,-1,-1,-1,-1,Voiced uvular raised non-sonorant trill
ʀ̥,0,1,1,1,-1,-1,0,0,0,0,-1,0,0,1,-1,-1,-1,1,-1,-1,0,0,-1,-1,-1,-1,-1,1,1,-1,-1,-1,-1,Voiceless uvular trill
ʀ̝̊,0,1,1,1,-1,-1,0,0,0,0,-1,0,0,1,1,-1,-1,1,-1,-1,0,0,-1,-1,-1,-1,-1,1,1,-1,-1,-1,-1,Voiceless uvular raised non-sonorant trill
χ͡ʀ̥,2,1,1,1,-1,-1,0,0,0,0,-1,0,0,1,1,-1,-1,1,-1,-1,0,0,-1,-1,-1,-1,-1,1,1,-1,-1,-1,-1,Voiceless uvular raised non-sonorant trill
j,0,1,-1,1,-1,1,-1,-1,-1,-1,-1,0,0,1,1,-1,-1,-1,-1,-1,0,0,1,-1,-1,-1,-1,1,1,-1,-1,-1,-1,Palatal approximant
i̯,2,1,-1,1,-1,1,-1,-1,-1,-1,-1,0,0,1,1,-1,-1,-1,-1,-1,0,0,1,-1,-1,-1,-1,1,1,-1,-1,-1,-1,Palatal approximant
ι̯,9,1,-1,1,-1,1,-1,-1,-1,-1,-1,0,0,1,1,-1,-1,-1,-1,-1,0,0,1,-1,-1,-1,-1,1,1,-1,-1,-1,-1,Palatal approximant
j̊,0,1,-1,1,-1,1,-1,-1,-1,-1,-1,0,0,1,1,-1,-1,-1,-1,-1,0,0,-1,-1,-1,-1,-1,1,1,-1,-1,-1,-1,Voiceless palatal approximant
w,0,1,-1,1,-1,1,1,-1,-1,-1,-1,0,0,1,1,-1,-1,1,-1,-1,0,0,1,-1,-1,-1,-1,1,1,-1,-1,-1,-1,Labio-velar approximant
u̯,2,1,-1,1,-1,1,1,-1,-1,-1,-1,0,0,1,1,-1,-1,1,-1,-1,0,0,1,-1,-1,-1,-1,1,1,-1,-1,-1,-1,Labio-velar approximant
ɰʷ,2,1,-1,1,-1,1,1,-1,-1,-1,-1,0,0,1,1,-1,-1,1,-1,-1,0,0,1,-1,-1,-1,-1,1,1,-1,-1,-1,-1,labialized velar approximant
ʍ,0,1,-1,1,-1,1,1,-1,-1,-1,-1,0,0,1,1,-1,-1,1,-1,-1,0,0,-1,-1,-1,-1,-1,1,1,-1,-1,-1,-1,Voiceless labio-velar approximant
w̥,2,1,-1,1,-1,1,1,-1,-1,-1,-1,0,0,1,1,-1,-1,1,-1,-1,0,0,-1,-1,-1,-1,-1,1,1,-1,-1,-1,-1,Voiceless labio-velar approximant
ɰᵝ,0,1,-1,1,-1,1,1,-1,1,-1,-1,0,0,1,1,-1,-1,1,-1,-1,0,0,1,-1,-1,-1,-1,1,1,-1,-1,-1,-1,Compressed labio-velar approximant
wᵝ,2,1,-1,1,-1,1,1,-1,1,-1,-1,0,0,1,1,-1,-1,1,-1,-1,0,0,1,-1,-1,-1,-1,1,1,-1,-1,-1,-1,Compressed labio-velar approximant
ɥ,0,1,-1,1,-1,1,1,-1,-1,-1,-1,0,0,1,1,-1,-1,-1,-1,-1,0,0,1,-1,-1,-1,-1,1,1,-1,-1,-1,-1,Labialized palatal approximant
jʷ,2,1,-1,1,-1,1,1,-1,-1,-1,-1,0,0,1,1,-1,-1,-1,-1,-1,0,0,1,-1,-1,-1,-1,1,1,-1,-1,-1,-1,Labialized palatal approximant
ʡ,0,1,-1,-1,-1,-1,0,0,0,0,-1,0,0,-1,0,0,0,0,0,1,-1,-1,-1,-1,-1,-1,-1,-1,-1,-1,-1,-1,-1,Epiglottal stop
ʜ,0,1,-1,-1,-1,-1,0,0,0,0,-1,0,0,-1,0,0,0,0,0,1,-1,-1,-1,-1,-1,-1,-1,1,-1,-1,-1,-1,-1,Voiceless epiglottal fricative
ʢ,0,1,-1,-1,-1,-1,0,0,0,0,-1,0,0,-1,0,0,0,0,0,1,-1,-1,1,-1,-1,-1,-1,1,-1,-1,-1,-1,-1,Voiced epiglottal fricative
ʢ̝,2,1,-1,-1,-1,-1,0,0,0,0,-1,0,0,-1,0,0,0,0,0,1,-1,-1,1,-1,-1,-1,-1,1,-1,-1,-1,-1,-1,Voiced epiglottal fricative
ʢ̞,0,1,-1,1,-1,-1,0,0,0,0,-1,0,0,-1,0,0,0,0,0,1,-1,-1,1,-1,-1,-1,-1,1,1,-1,-1,-1,-1,Voiced epiglottal approximant
ᴙ,5,1,-1,1,-1,-1,0,0,0,0,-1,0,0,-1,0,0,0,0,0,1,-1,-1,1,-1,-1,-1,-1,1,1,-1,-1,-1,-1,Epiglottal trill
ʙ,0,1,1,1,-1,1,1,-1,-1,-1,-1,0,0,-1,0,0,0,0,0,-1,0,0,1,-1,-1,-1,-1,1,1,-1,-1,-1,-1,Bilabial trill
ʋ,0,1,1,1,-1,1,-1,-1,-1,1,-1,0,0,-1,0,0,0,0,0,-1,0,0,1,-1,-1,-1,-1,1,1,-1,-1,-1,-1,Labiodental approximant
ɕ,0,1,1,-1,-1,-1,0,0,0,0,1,-1,1,1,1,-1,0,-1,-1,-1,0,0,-1,-1,-1,-1,-1,1,-1,1,-1,-1,-1,Voiceless alveolo-palatal sibilant
ʑ,0,1,1,-1,-1,-1,0,0,0,0,1,-1,1,1,1,-1,0,-1,-1,-1,0,0,1,-1,-1,-1,-1,1,-1,1,-1,-1,-1,Voiced alveolo-palatal sibilant
ɾ,0,1,1,1,-1,-1,0,0,0,0,1,1,-1,-1,0,0,0,0,0,-1,0,0,1,-1,-1,-1,-1,-1,1,-1,-1,-1,-1,Voiced alveolar tap
ᴅ,6,1,1,1,-1,-1,0,0,0,0,1,1,-1,-1,0,0,0,0,0,-1,0,0,1,-1,-1,-1,-1,-1,1,-1,-1,-1,-1,Voiced alveolar flap
ɾ̥,0,1,1,1,-1,-1,0,0,0,0,1,1,-1,-1,0,0,0,0,0,-1,0,0,-1,-1,-1,-1,-1,-1,1,-1,-1,-1,-1,Voiceless alveolar tap
ɾ̊,2,1,1,1,-1,-1,0,0,0,0,1,1,-1,-1,0,0,0,0,0,-1,0,0,-1,-1,-1,-1,-1,-1,1,-1,-1,-1,-1,Voiceless alveolar tap
ᴅ̥,5,1,1,1,-1,-1,0,0,0,0,1,1,-1,-1,0,0,0,0,0,-1,0,0,-1,-1,-1,-1,-1,-1,1,-1,-1,-1,-1,Voiceless alveolar flap
ᴅ̊,5,1,1,1,-1,-1,0,0,0,0,1,1,-1,-1,0,0,0,0,0,-1,0,0,-1,-1,-1,-1,-1,-1,1,-1,-1,-1,-1,Voiceless alveolar flap
ɾ̝,0,1,1,-1,-1,-1,0,0,0,0,1,1,-1,-1,0,0,0,0,0,-1,0,0,1,-1,-1,-1,-1,-1,1,-1,-1,-1,-1,Voiced alveolar raised non-sonorant flap
ɾ̝̊,0,1,1,-1,-1,-1,0,0,0,0,1,1,-1,-1,0,0,0,0,0,-1,0,0,-1,-1,-1,-1,-1,-1,1,-1,-1,-1,-1,Voiceless alveolar raised non-sonorant flap
ɾ̃,0,1,1,1,-1,-1,0,0,0,0,1,1,-1,-1,0,0,0,0,0,-1,0,0,1,-1,-1,-1,-1,-1,1,-1,-1,-1,1,Voiced alveolar nasal flap
n̆,2,1,1,1,-1,-1,0,0,0,0,1,1,-1,-1,0,0,0,0,0,-1,0,0,1,-1,-1,-1,-1,-1,1,-1,-1,-1,1,Voiced alveolar nasal flap
ⱱ,0,1,1,1,-1,1,-1,-1,-1,1,-1,0,0,-1,0,0,0,0,0,-1,0,0,1,-1,-1,-1,-1,-1,1,-1,-1,-1,-1,Labiodental flap
ⱱ̟,0,1,1,1,-1,1,-1,-1,-1,-1,-1,0,0,-1,0,0,0,0,0,-1,0,0,1,-1,-1,-1,-1,-1,1,-1,-1,-1,-1,Bilabial flap
w̆,2,1,1,1,-1,1,-1,-1,-1,-1,-1,0,0,-1,0,0,0,0,0,-1,0,0,1,-1,-1,-1,-1,-1,1,-1,-1,-1,-1,Bilabial flap
b̆,2,1,1,1,-1,1,-1,-1,-1,-1,-1,0,0,-1,0,0,0,0,0,-1,0,0,1,-1,-1,-1,-1,-1,1,-1,-1,-1,-1,Bilabial flap
ɢ̆,0,1,1,1,-1,-1,0,0,0,0,-1,0,0,1,-1,-1,-1,1,-1,-1,0,0,1,-1,-1,-1,-1,-1,1,-1,-1,-1,-1,Uvular flap
ʀ̆,2,1,1,1,-1,-1,0,0,0,0,-1,0,0,1,-1,-1,-1,1,-1,-1,0,0,1,-1,-1,-1,-1,-1,1,-1,-1,-1,-1,Uvular flap
ʡ̯,0,1,-1,1,-1,-1,0,0,0,0,-1,0,0,-1,0,0,0,0,0,1,-1,-1,1,-1,-1,-1,-1,-1,1,-1,-1,-1,-1,Epiglottal flap
ɺ,0,1,1,1,-1,-1,0,0,0,0,1,1,-1,-1,0,0,0,0,0,-1,0,0,1,-1,-1,-1,-1,-1,1,-1,1,-1,-1,Alveolar lateral flap
ʎ̯,0,1,1,1,-1,-1,0,0,0,0,-1,0,0,1,1,-1,-1,-1,-1,-1,0,0,1,-1,-1,-1,-1,-1,1,-1,1,-1,-1,Palatal lateral flap
ʟ̆,0,1,1,1,-1,-1,0,0,0,0,-1,0,0,1,1,-1,-1,1,-1,-1,0,0,1,-1,-1,-1,-1,-1,1,-1,1,-1,-1,Velar lateral flap
ʈ,0,1,1,-1,-1,-1,0,0,0,0,1,-1,-1,-1,0,0,0,0,0,-1,0,0,-1,-1,-1,-1,-1,-1,-1,-1,-1,-1,-1,Voiceless retroflex stop
ɖ,0,1,1,-1,-1,-1,0,0,0,0,1,-1,-1,-1,0,0,0,0,0,-1,0,0,1,-1,-1,-1,-1,-1,-1,-1,-1,-1,-1,Voiced retroflex stop
ʂ,0,1,1,-1,-1,-1,0,0,0,0,1,-1,-1,-1,0,0,0,0,0,-1,0,0,-1,-1,-1,-1,-1,1,-1,1,-1,-1,-1,Voiceless retroflex sibilant
ʐ,0,1,1,-1,-1,-1,0,0,0,0,1,-1,-1,-1,0,0,0,0,0,-1,0,0,1,-1,-1,-1,-1,1,-1,1,-1,-1,-1,Voiced retroflex sibilant
ɻ,0,1,1,1,-1,-1,0,0,0,0,1,-1,-1,-1,0,0,0,0,0,-1,0,0,1,-1,-1,-1,-1,1,1,-1,-1,-1,-1,Retroflex approximant
ɽ,0,1,1,1,-1,-1,0,0,0,0,1,-1,-1,-1,0,0,0,0,0,-1,0,0,1,-1,-1,-1,-1,-1,1,-1,-1,-1,-1,Retroflex flap
ɽ͡r,0,1,1,1,-1,-1,0,0,0,0,1,-1,-1,-1,0,0,0,0,0,-1,0,0,1,-1,-1,-1,-1,1,1,-1,-1,-1,-1,Retroflex trill
ɭ,0,1,1,1,-1,-1,0,0,0,0,1,-1,-1,-1,0,0,0,0,0,-1,0,0,1,-1,-1,-1,-1,1,1,-1,1,-1,-1,Retroflex lateral approximant
ɭ̆,0,1,1,1,-1,-1,0,0,0,0,1,-1,-1,-1,0,0,0,0,0,-1,0,0,1,-1,-1,-1,-1,-1,1,-1,1,-1,-1,Retroflex lateral flap
ɺ˞,2,1,1,1,-1,-1,0,0,0,0,1,-1,-1,-1,0,0,0,0,0,-1,0,0,1,-1,-1,-1,-1,-1,1,-1,1,-1,-1,Retroflex lateral flap
ɺ̢,5,1,1,1,-1,-1,0,0,0,0,1,-1,-1,-1,0,0,0,0,0,-1,0,0,1,-1,-1,-1,-1,-1,1,-1,1,-1,-1,Retroflex lateral flap
ꞎ,5,1,1,-1,-1,-1,0,0,0,0,1,-1,-1,-1,0,0,0,0,0,-1,0,0,-1,1,-1,-1,-1,1,-1,-1,1,-1,-1,Voiceless retroflex lateral fricative
ʎ̝̊,0,1,1,-1,-1,-1,0,0,0,0,-1,0,0,1,1,-1,-1,-1,-1,-1,0,0,-1,-1,-1,-1,-1,1,-1,-1,1,-1,-1,Voiceless palatal lateral fricative
ʟ̝̊,0,1,1,-1,-1,-1,0,0,0,0,-1,0,0,1,1,-1,-1,1,-1,-1,0,0,-1,-1,-1,-1,-1,1,-1,-1,1,-1,-1,Voiceless velar lateral fricative
ʟ̝,0,1,1,-1,-1,-1,0,0,0,0,-1,0,0,1,1,-1,-1,1,-1,-1,0,0,1,-1,-1,-1,-1,1,-1,-1,1,-1,-1,Voiced velar lateral fricative
# affricates & co-articulated,,,,,,,,,,,,,,,,,,,,,,,,,,,,,,,,,,
t͡ʃ,0,1,1,-1,-1,-1,0,0,0,0,1,-1,1,1,1,-1,-1,-1,-1,-1,0,0,-1,-1,-1,-1,-1,2,-1,1,-1,1,-1,Voiceless palato-alveolar affricate
tʃ,10,1,1,-1,-1,-1,0,0,0,0,1,-1,1,1,1,-1,-1,-1,-1,-1,0,0,-1,-1,-1,-1,-1,2,-1,1,-1,1,-1,Voiceless palato-alveolar affricate
ʧ,2,1,1,-1,-1,-1,0,0,0,0,1,-1,1,1,1,-1,-1,-1,-1,-1,0,0,-1,-1,-1,-1,-1,2,-1,1,-1,1,-1,Voiceless palato-alveolar affricate
t͜ʃ,2,1,1,-1,-1,-1,0,0,0,0,1,-1,1,1,1,-1,-1,-1,-1,-1,0,0,-1,-1,-1,-1,-1,2,-1,1,-1,1,-1,Voiceless palato-alveolar affricate
t̠ʲʃ,2,1,1,-1,-1,-1,0,0,0,0,1,-1,1,1,1,-1,-1,-1,-1,-1,0,0,-1,-1,-1,-1,-1,2,-1,1,-1,1,-1,Voiceless palato-alveolar affricate
č,1,1,1,-1,-1,-1,0,0,0,0,1,-1,1,1,1,-1,-1,-1,-1,-1,0,0,-1,-1,-1,-1,-1,2,-1,1,-1,1,-1,Voiceless palato-alveolar affricate
d͡ʒ,0,1,1,-1,-1,-1,0,0,0,0,1,-1,1,1,1,-1,-1,-1,-1,-1,0,0,1,-1,-1,-1,-1,2,-1,1,-1,1,-1,Voiced palato-alveolar affricate
dʒ,10,1,1,-1,-1,-1,0,0,0,0,1,-1,1,1,1,-1,-1,-1,-1,-1,0,0,1,-1,-1,-1,-1,2,-1,1,-1,1,-1,Voiced palato-alveolar affricate
ʤ,2,1,1,-1,-1,-1,0,0,0,0,1,-1,1,1,1,-1,-1,-1,-1,-1,0,0,1,-1,-1,-1,-1,2,-1,1,-1,1,-1,Voiced palato-alveolar affricate
d͜ʒ,2,1,1,-1,-1,-1,0,0,0,0,1,-1,1,1,1,-1,-1,-1,-1,-1,0,0,1,-1,-1,-1,-1,2,-1,1,-1,1,-1,Voiced palato-alveolar affricate
d̠ʲʒ,2,1,1,-1,-1,-1,0,0,0,0,1,-1,1,1,1,-1,-1,-1,-1,-1,0,0,1,-1,-1,-1,-1,2,-1,1,-1,1,-1,Voiced palato-alveolar affricate
ǯ,1,1,1,-1,-1,-1,0,0,0,0,1,-1,1,1,1,-1,-1,-1,-1,-1,0,0,1,-1,-1,-1,-1,2,-1,1,-1,1,-1,Voiced palato-alveolar affricate
ǰ,3,1,1,-1,-1,-1,0,0,0,0,1,-1,1,1,1,-1,-1,-1,-1,-1,0,0,1,-1,-1,-1,-1,2,-1,1,-1,1,-1,Voiced palato-alveolar affricate
ǧ,3,1,1,-1,-1,-1,0,0,0,0,1,-1,1,1,1,-1,-1,-1,-1,-1,0,0,1,-1,-1,-1,-1,2,-1,1,-1,1,-1,Voiced palato-alveolar affricate
dž,3,1,1,-1,-1,-1,0,0,0,0,1,-1,1,1,1,-1,-1,-1,-1,-1,0,0,1,-1,-1,-1,-1,2,-1,1,-1,1,-1,Voiced palato-alveolar affricate
t͡s,0,1,1,-1,-1,-1,0,0,0,0,1,1,-1,-1,0,0,0,0,0,-1,0,0,-1,-1,-1,-1,-1,2,-1,1,-1,1,-1,Voiced alveolar non-sibilant fricative
ts,10,1,1,-1,-1,-1,0,0,0,0,1,1,-1,-1,0,0,0,0,0,-1,0,0,-1,-1,-1,-1,-1,2,-1,1,-1,1,-1,Voiceless alveolar sibilant affricate
ʦ,2,1,1,-1,-1,-1,0,0,0,0,1,1,-1,-1,0,0,0,0,0,-1,0,0,-1,-1,-1,-1,-1,2,-1,1,-1,1,-1,Voiceless alveolar sibilant affricate
t͜s,2,1,1,-1,-1,-1,0,0,0,0,1,1,-1,-1,0,0,0,0,0,-1,0,0,-1,-1,-1,-1,-1,2,-1,1,-1,1,-1,Voiceless alveolar sibilant affricate
t̪͡s̪,0,1,1,-1,-1,-1,0,0,0,0,1,1,1,-1,0,0,0,0,0,-1,0,0,-1,-1,-1,-1,-1,2,-1,1,-1,1,-1,Voiceless alveolar fronted sibilant affricate
t͡s̪,2,1,1,-1,-1,-1,0,0,0,0,1,1,1,-1,0,0,0,0,0,-1,0,0,-1,-1,-1,-1,-1,2,-1,1,-1,1,-1,Voiceless alveolar fronted sibilant affricate
t̟͡s̟,2,1,1,-1,-1,-1,0,0,0,0,1,1,1,-1,0,0,0,0,0,-1,0,0,-1,-1,-1,-1,-1,2,-1,1,-1,1,-1,Voiceless alveolar fronted sibilant affricate
t͡s̟,2,1,1,-1,-1,-1,0,0,0,0,1,1,1,-1,0,0,0,0,0,-1,0,0,-1,-1,-1,-1,-1,2,-1,1,-1,1,-1,Voiceless alveolar fronted sibilant affricate
ʦ̪,2,1,1,-1,-1,-1,0,0,0,0,1,1,1,-1,0,0,0,0,0,-1,0,0,-1,-1,-1,-1,-1,2,-1,1,-1,1,-1,Voiceless alveolar fronted sibilant affricate
ʦ̟,2,1,1,-1,-1,-1,0,0,0,0,1,1,1,-1,0,0,0,0,0,-1,0,0,-1,-1,-1,-1,-1,2,-1,1,-1,1,-1,Voiceless alveolar fronted sibilant affricate
t͡θ̠,0,1,1,-1,-1,-1,0,0,0,0,1,1,-1,-1,0,0,0,0,0,-1,0,0,-1,-1,-1,-1,-1,2,-1,-1,-1,1,-1,Voiceless alveolar non-sibilant fricative
t͡θ͇,2,1,1,-1,-1,-1,0,0,0,0,1,1,-1,-1,0,0,0,0,0,-1,0,0,-1,-1,-1,-1,-1,2,-1,-1,-1,1,-1,Voiceless alveolar non-sibilant fricative
t͡θ,0,1,1,-1,-1,-1,0,0,0,0,1,1,1,-1,0,0,0,0,0,-1,0,0,-1,-1,-1,-1,-1,2,-1,-1,-1,1,-1,Voiceless dental non-sibilant affricate
t͜θ,2,1,1,-1,-1,-1,0,0,0,0,1,1,1,-1,0,0,0,0,0,-1,0,0,-1,-1,-1,-1,-1,2,-1,-1,-1,1,-1,Voiceless dental non-sibilant affricate
t̪͡θ,2,1,1,-1,-1,-1,0,0,0,0,1,1,1,-1,0,0,0,0,0,-1,0,0,-1,-1,-1,-1,-1,2,-1,-1,-1,1,-1,Voiceless dental non-sibilant affricate
t̟͡θ,2,1,1,-1,-1,-1,0,0,0,0,1,1,1,-1,0,0,0,0,0,-1,0,0,-1,-1,-1,-1,-1,2,-1,-1,-1,1,-1,Voiceless dental non-sibilant affricate
d͡z,0,1,1,-1,-1,-1,0,0,0,0,1,1,-1,-1,0,0,0,0,0,-1,0,0,1,-1,-1,-1,-1,2,-1,1,-1,1,-1,Voiced alveolar sibilant affricate
dz,10,1,1,-1,-1,-1,0,0,0,0,1,1,-1,-1,0,0,0,0,0,-1,0,0,1,-1,-1,-1,-1,2,-1,1,-1,1,-1,Voiced alveolar sibilant affricate
ʣ,2,1,1,-1,-1,-1,0,0,0,0,1,1,-1,-1,0,0,0,0,0,-1,0,0,1,-1,-1,-1,-1,2,-1,1,-1,1,-1,Voiced alveolar sibilant affricate
d͜z,2,1,1,-1,-1,-1,0,0,0,0,1,1,-1,-1,0,0,0,0,0,-1,0,0,1,-1,-1,-1,-1,2,-1,1,-1,1,-1,Voiced alveolar sibilant affricate
d̪͡z̪,0,1,1,-1,-1,-1,0,0,0,0,1,1,1,-1,0,0,0,0,0,-1,0,0,1,-1,-1,-1,-1,2,-1,1,-1,1,-1,Voiced alveolar fronted sibilant affricate
d͡z̪,2,1,1,-1,-1,-1,0,0,0,0,1,1,1,-1,0,0,0,0,0,-1,0,0,1,-1,-1,-1,-1,2,-1,1,-1,1,-1,Voiced alveolar fronted sibilant affricate
d̟͡z̟,2,1,1,-1,-1,-1,0,0,0,0,1,1,1,-1,0,0,0,0,0,-1,0,0,1,-1,-1,-1,-1,2,-1,1,-1,1,-1,Voiced alveolar fronted sibilant affricate
d͡z̟,2,1,1,-1,-1,-1,0,0,0,0,1,1,1,-1,0,0,0,0,0,-1,0,0,1,-1,-1,-1,-1,2,-1,1,-1,1,-1,Voiced alveolar fronted sibilant affricate
ʣ̪,2,1,1,-1,-1,-1,0,0,0,0,1,1,1,-1,0,0,0,0,0,-1,0,0,1,-1,-1,-1,-1,2,-1,1,-1,1,-1,Voiced alveolar fronted sibilant affricate
ʣ̟,2,1,1,-1,-1,-1,0,0,0,0,1,1,1,-1,0,0,0,0,0,-1,0,0,1,-1,-1,-1,-1,2,-1,1,-1,1,-1,Voiced alveolar fronted sibilant affricate
d͡ð̠,0,1,1,-1,-1,-1,0,0,0,0,1,1,-1,-1,0,0,0,0,0,-1,0,0,1,-1,-1,-1,-1,2,-1,-1,-1,1,-1,Voiced alveolar non-sibilant fricative
d͡ð̳,2,1,1,-1,-1,-1,0,0,0,0,1,1,-1,-1,0,0,0,0,0,-1,0,0,1,-1,-1,-1,-1,2,-1,-1,-1,1,-1,Voiced alveolar non-sibilant fricative
d͡ð,0,1,1,-1,-1,-1,0,0,0,0,1,1,1,-1,0,0,0,0,0,-1,0,0,1,-1,-1,-1,-1,2,-1,-1,-1,1,-1,Voiced dental non-sibilant affricate
d͜ð,2,1,1,-1,-1,-1,0,0,0,0,1,1,1,-1,0,0,0,0,0,-1,0,0,1,-1,-1,-1,-1,2,-1,-1,-1,1,-1,Voiced dental non-sibilant affricate
d̪͡ð,2,1,1,-1,-1,-1,0,0,0,0,1,1,1,-1,0,0,0,0,0,-1,0,0,1,-1,-1,-1,-1,2,-1,-1,-1,1,-1,Voiced dental non-sibilant affricate
d̟͡ð,2,1,1,-1,-1,-1,0,0,0,0,1,1,1,-1,0,0,0,0,0,-1,0,0,1,-1,-1,-1,-1,2,-1,-1,-1,1,-1,Voiced dental non-sibilant affricate
k͡x,0,1,1,-1,-1,-1,0,0,0,0,-1,0,0,1,1,-1,-1,1,-1,-1,0,0,-1,-1,-1,-1,-1,2,-1,-1,-1,1,-1,Voiceless velar affricate
kx,10,1,1,-1,-1,-1,0,0,0,0,-1,0,0,1,1,-1,-1,1,-1,-1,0,0,-1,-1,-1,-1,-1,2,-1,-1,-1,1,-1,Voiceless velar affricate
ɡ͡ɣ,0,1,1,-1,-1,-1,0,0,0,0,-1,0,0,1,1,-1,-1,1,-1,-1,0,0,1,-1,-1,-1,-1,2,-1,-1,-1,1,-1,Voiced velar affricate
ɡɣ,10,1,1,-1,-1,-1,0,0,0,0,-1,0,0,1,1,-1,-1,1,-1,-1,0,0,1,-1,-1,-1,-1,2,-1,-1,-1,1,-1,Voiced velar affricate
g͡ɣ,2,1,1,-1,-1,-1,0,0,0,0,-1,0,0,1,1,-1,-1,1,-1,-1,0,0,1,-1,-1,-1,-1,2,-1,-1,-1,1,-1,Voiced velar affricate
gɣ,10,1,1,-1,-1,-1,0,0,0,0,-1,0,0,1,1,-1,-1,1,-1,-1,0,0,1,-1,-1,-1,-1,2,-1,-1,-1,1,-1,Voiced velar affricate
p͡f,0,1,1,-1,-1,1,-1,-1,-1,2,-1,0,0,-1,0,0,0,0,0,-1,0,0,-1,-1,-1,-1,-1,2,-1,-1,-1,1,-1,Voiceless labial affricate
pf,10,1,1,-1,-1,1,-1,-1,-1,2,-1,0,0,-1,0,0,0,0,0,-1,0,0,-1,-1,-1,-1,-1,2,-1,-1,-1,1,-1,Voiceless labial affricate
p̪͡f,0,1,1,-1,-1,1,-1,-1,-1,1,-1,0,0,-1,0,0,0,0,0,-1,0,0,-1,-1,-1,-1,-1,2,-1,-1,-1,1,-1,Voiceless labiodental affricate
ȹ͡f,9,1,1,-1,-1,1,-1,-1,-1,1,-1,0,0,-1,0,0,0,0,0,-1,0,0,-1,-1,-1,-1,-1,2,-1,-1,-1,1,-1,Voiceless labiodental affricate
b͡v,0,1,1,-1,-1,1,-1,-1,-1,2,-1,0,0,-1,0,0,0,0,0,-1,0,0,1,-1,-1,-1,-1,2,-1,-1,-1,1,-1,Voiced labial affricate
bv,10,1,1,-1,-1,1,-1,-1,-1,2,-1,0,0,-1,0,0,0,0,0,-1,0,0,1,-1,-1,-1,-1,2,-1,-1,-1,1,-1,Voiced labial affricate
b̪͡v,0,1,1,-1,-1,1,-1,-1,-1,1,-1,0,0,-1,0,0,0,0,0,-1,0,0,1,-1,-1,-1,-1,2,-1,-1,-1,1,-1,Voiced labiodental affricate
b̪͜v,2,1,1,-1,-1,1,-1,-1,-1,1,-1,0,0,-1,0,0,0,0,0,-1,0,0,1,-1,-1,-1,-1,2,-1,-1,-1,1,-1,Voiced labiodental affricate
ȸ͡v,9,1,1,-1,-1,1,-1,-1,-1,1,-1,0,0,-1,0,0,0,0,0,-1,0,0,1,-1,-1,-1,-1,2,-1,-1,-1,1,-1,Voiced labiodental affricate
t͡ɕ,0,1,1,-1,-1,-1,0,0,0,0,1,-1,1,1,1,-1,0,-1,-1,-1,0,0,-1,-1,-1,-1,-1,1,2,1,-1,1,-1,Voiceless alveolo-palatal affricate
t͜ɕ,2,1,1,-1,-1,-1,0,0,0,0,1,-1,1,1,1,-1,0,-1,-1,-1,0,0,-1,-1,-1,-1,-1,1,2,1,-1,1,-1,Voiceless alveolo-palatal affricate
ʨ,2,1,1,-1,-1,-1,0,0,0,0,1,-1,1,1,1,-1,0,-1,-1,-1,0,0,-1,-1,-1,-1,-1,1,2,1,-1,1,-1,Voiceless alveolo-palatal affricate
d͡ʑ,0,1,1,-1,-1,-1,0,0,0,0,1,-1,1,1,1,-1,0,-1,-1,-1,0,0,1,-1,-1,-1,-1,1,2,1,-1,1,-1,Voiced alveolo-palatal affricate
d͜ʑ,2,1,1,-1,-1,-1,0,0,0,0,1,-1,1,1,1,-1,0,-1,-1,-1,0,0,1,-1,-1,-1,-1,1,2,1,-1,1,-1,Voiced alveolo-palatal affricate
ʥ,2,1,1,-1,-1,-1,0,0,0,0,1,-1,1,1,1,-1,0,-1,-1,-1,0,0,1,-1,-1,-1,-1,1,2,1,-1,1,-1,Voiced alveolo-palatal affricate
ʈ͡ʂ,0,1,1,-1,-1,-1,0,0,0,0,1,-1,-1,-1,0,0,0,0,0,-1,0,0,-1,-1,-1,-1,-1,1,2,1,-1,1,-1,Voiceless retroflex affricate
t͡ʂ,2,1,1,-1,-1,-1,0,0,0,0,1,-1,-1,-1,0,0,0,0,0,-1,0,0,-1,-1,-1,-1,-1,1,2,1,-1,1,-1,Voiceless retroflex affricate
ɖ͡ʐ,0,1,1,-1,-1,-1,0,0,0,0,1,-1,-1,-1,0,0,0,0,0,-1,0,0,1,-1,-1,-1,-1,1,2,1,-1,1,-1,Voiced retroflex affricate
d͡ʐ,2,1,1,-1,-1,-1,0,0,0,0,1,-1,-1,-1,0,0,0,0,0,-1,0,0,1,-1,-1,-1,-1,1,2,1,-1,1,-1,Voiced retroflex affricate
t͡ɬ,0,1,1,-1,-1,-1,0,0,0,0,1,1,-1,-1,0,0,0,0,0,-1,0,0,-1,1,-1,-1,-1,1,2,-1,1,1,-1,Voiceless alveolar lateral affricate
t͜ɬ,2,1,1,-1,-1,-1,0,0,0,0,1,1,-1,-1,0,0,0,0,0,-1,0,0,-1,1,-1,-1,-1,1,2,-1,1,1,-1,Voiceless alveolar lateral affricate
ƛ,1,1,1,-1,-1,-1,0,0,0,0,1,1,-1,-1,0,0,0,0,0,-1,0,0,-1,1,-1,-1,-1,1,2,-1,1,1,-1,Voiceless alveolar lateral affricate
d͡ɮ,0,1,1,-1,-1,-1,0,0,0,0,1,1,-1,-1,0,0,0,0,0,-1,0,0,1,-1,-1,-1,-1,1,2,-1,1,1,-1,Voiced alveolar lateral affricate
c͡ç,0,1,1,-1,-1,-1,0,0,0,0,1,-1,1,1,1,-1,-1,-1,-1,-1,0,0,-1,-1,-1,-1,-1,1,2,-1,-1,1,-1,Voiceless palatal affricate
c͜ç,2,1,1,-1,-1,-1,0,0,0,0,1,-1,1,1,1,-1,-1,-1,-1,-1,0,0,-1,-1,-1,-1,-1,1,2,-1,-1,1,-1,Voiceless palatal affricate
ɟ͡ʝ,0,1,1,-1,-1,-1,0,0,0,0,1,-1,1,1,1,-1,-1,-1,-1,-1,0,0,1,-1,-1,-1,-1,1,2,-1,-1,1,-1,Voiced palatal affricate
c͡ʎ̝̥,0,1,1,-1,-1,-1,0,0,0,0,-1,0,0,1,1,-1,-1,-1,-1,-1,0,0,-1,-1,-1,-1,-1,1,2,-1,1,1,-1,Voiceless palatal lateral affricate
k͡ʟ̝̊,0,1,1,-1,-1,-1,0,0,0,0,-1,0,0,1,1,-1,-1,1,-1,-1,0,0,-1,-1,-1,-1,-1,1,2,-1,1,1,-1,Voiceless velar lateral affricate
ɡ͡ʟ̝,0,1,1,-1,-1,-1,0,0,0,0,-1,0,0,1,1,-1,-1,1,-1,-1,0,0,1,-1,-1,-1,-1,1,2,-1,1,1,-1,Voiced velar lateral affricate
q͡χ,0,1,1,-1,-1,-1,0,0,0,0,-1,0,0,1,-1,-1,-1,1,-1,-1,0,0,-1,-1,-1,-1,-1,1,2,-1,-1,1,-1,Voiceless uvular affricate
ɢ͡ʁ,0,1,1,-1,-1,-1,0,0,0,0,-1,0,0,1,-1,-1,-1,1,-1,-1,0,0,1,-1,-1,-1,-1,1,2,-1,-1,1,-1,Voiced uvular affricate
ɢ͜ʁ,2,1,1,-1,-1,-1,0,0,0,0,-1,0,0,1,-1,-1,-1,1,-1,-1,0,0,1,-1,-1,-1,-1,1,2,-1,-1,1,-1,Voiced uvular affricate
ɧ,0,1,1,-1,-1,-1,0,0,0,0,1,-1,-1,1,1,-1,-1,1,-1,-1,0,0,-1,-1,-1,-1,-1,1,-1,1,-1,-1,-1,Voiceless palatal-velar fricative
k͡p,0,1,1,-1,-1,1,-1,-1,-1,-1,-1,0,0,1,1,-1,-1,1,-1,-1,0,0,-1,-1,-1,-1,-1,-1,-1,-1,-1,-1,-1,Voiceless labial-velar stop
k͜p,2,1,1,-1,-1,1,-1,-1,-1,-1,-1,0,0,1,1,-1,-1,1,-1,-1,0,0,-1,-1,-1,-1,-1,-1,-1,-1,-1,-1,-1,Voiceless labial-velar stop
ɡ͡b,0,1,1,-1,-1,1,-1,-1,-1,-1,-1,0,0,1,1,-1,-1,1,-1,-1,0,0,1,-1,-1,-1,-1,-1,-1,-1,-1,-1,-1,Voiced labial-velar stop
kʷ,0,1,1,-1,-1,1,1,-1,-1,-1,-1,0,0,1,1,-1,-1,1,-1,-1,0,0,-1,-1,-1,-1,-1,-1,-1,-1,-1,-1,-1,Voiceless labio-velar stop
k͡w,2,1,1,-1,-1,1,1,-1,-1,-1,-1,0,0,1,1,-1,-1,1,-1,-1,0,0,-1,-1,-1,-1,-1,-1,-1,-1,-1,-1,-1,Voiceless labio-velar stop
k͜w,2,1,1,-1,-1,1,1,-1,-1,-1,-1,0,0,1,1,-1,-1,1,-1,-1,0,0,-1,-1,-1,-1,-1,-1,-1,-1,-1,-1,-1,Voiceless labio-velar stop
gʷ,0,1,1,-1,-1,1,1,-1,-1,-1,-1,0,0,1,1,-1,-1,1,-1,-1,0,0,1,-1,-1,-1,-1,-1,-1,-1,-1,-1,-1,Voiced labio-velar stop
g͡w,2,1,1,-1,-1,1,1,-1,-1,-1,-1,0,0,1,1,-1,-1,1,-1,-1,0,0,1,-1,-1,-1,-1,-1,-1,-1,-1,-1,-1,Voiced labio-velar stop
# implosives,,,,,,,,,,,,,,,,,,,,,,,,,,,,,,,,,,
ɓ̥,0,1,1,-1,-1,1,-1,-1,-1,-1,-1,0,0,-1,0,0,0,0,0,-1,0,0,-1,-1,1,1,-1,-1,-1,-1,-1,-1,-1,Voiceless bilabial implosive
ƥ,5,1,1,-1,-1,1,-1,-1,-1,-1,-1,0,0,-1,0,0,0,0,0,-1,0,0,-1,-1,1,1,-1,-1,-1,-1,-1,-1,-1,Voiceless bilabial implosive
pʼ↓,2,1,1,-1,-1,1,-1,-1,-1,-1,-1,0,0,-1,0,0,0,0,0,-1,0,0,-1,-1,1,1,-1,-1,-1,-1,-1,-1,-1,Voiceless bilabial implosive
ɓ,0,1,1,-1,-1,1,-1,-1,-1,-1,-1,0,0,-1,0,0,0,0,0,-1,0,0,1,-1,1,1,-1,-1,-1,-1,-1,-1,-1,Voiced bilabial implosive
ɗ̥,0,1,1,-1,-1,-1,0,0,0,0,1,1,-1,-1,0,0,0,0,0,-1,0,0,-1,-1,1,1,-1,-1,-1,-1,-1,-1,-1,Voiceless alveolar implosive
ƭ,5,1,1,-1,-1,-1,0,0,0,0,1,1,-1,-1,0,0,0,0,0,-1,0,0,-1,-1,1,1,-1,-1,-1,-1,-1,-1,-1,Voiceless alveolar implosive
tʼ↓,2,1,1,-1,-1,-1,0,0,0,0,1,1,-1,-1,0,0,0,0,0,-1,0,0,-1,-1,1,1,-1,-1,-1,-1,-1,-1,-1,Voiceless alveolar implosive
ɗ,0,1,1,-1,-1,-1,0,0,0,0,1,1,-1,-1,0,0,0,0,0,-1,0,0,1,-1,1,1,-1,-1,-1,-1,-1,-1,-1,Voiced alveolar implosive
ᶑ,0,1,1,-1,-1,-1,0,0,0,0,1,-1,-1,-1,0,0,0,0,0,-1,0,0,1,-1,1,1,-1,-1,-1,-1,-1,-1,-1,Voiced retroflex implosive
ʄ̊,0,1,1,-1,-1,-1,0,0,0,0,1,-1,1,1,1,-1,-1,-1,-1,-1,0,0,-1,-1,1,1,-1,-1,-1,-1,-1,-1,-1,Voiceless palatal implosive
ƈ,5,1,1,-1,-1,-1,0,0,0,0,1,-1,1,1,1,-1,-1,-1,-1,-1,0,0,-1,-1,1,1,-1,-1,-1,-1,-1,-1,-1,Voiceless palatal implosive
cʼ↓,2,1,1,-1,-1,-1,0,0,0,0,1,-1,1,1,1,-1,-1,-1,-1,-1,0,0,-1,-1,1,1,-1,-1,-1,-1,-1,-1,-1,Voiceless palatal implosive
ʄ,0,1,1,-1,-1,-1,0,0,0,0,1,-1,1,1,1,-1,-1,-1,-1,-1,0,0,1,-1,1,1,-1,-1,-1,-1,-1,-1,-1,Voiced palatal implosive
ɠ,0,1,1,-1,-1,-1,0,0,0,0,-1,0,0,1,1,-1,-1,1,-1,-1,0,0,1,-1,1,1,-1,-1,-1,-1,-1,-1,-1,Voiced velar implosive
ʛ,0,1,1,-1,-1,-1,0,0,0,0,-1,0,0,1,-1,-1,-1,1,-1,-1,0,0,1,-1,1,1,-1,-1,-1,-1,-1,-1,-1,Voiced uvular implosive
# clicks,,,,,,,,,,,,,,,,,,,,,,,,,,,,,,,,,,
ʘ,0,1,1,-1,-1,1,-1,-1,-1,-1,-1,0,0,-1,0,0,0,0,0,-1,0,0,-1,-1,-1,-1,1,-1,-1,-1,-1,-1,-1,Bilabial click
ʘʰ,0,1,1,-1,-1,1,-1,-1,-1,-1,-1,0,0,-1,0,0,0,0,0,-1,0,0,-1,1,-1,-1,1,-1,-1,-1,-1,-1,-1,Aspirated bilabial click
ʘ̬,0,1,1,-1,-1,1,-1,-1,-1,-1,-1,0,0,-1,0,0,0,0,0,-1,0,0,1,-1,-1,-1,1,-1,-1,-1,-1,-1,-1,Voiced bilabial click
ᶢʘ,2,1,1,-1,-1,1,-1,-1,-1,-1,-1,0,0,-1,0,0,0,0,0,-1,0,0,1,-1,-1,-1,1,-1,-1,-1,-1,-1,-1,Voiced bilabial click
ʘ̃,0,1,1,-1,-1,1,-1,-1,-1,-1,-1,0,0,-1,0,0,0,0,0,-1,0,0,1,-1,-1,-1,1,-1,-1,-1,-1,-1,1,Bilabial nasal click
ᵑʘ,2,1,1,-1,-1,1,-1,-1,-1,-1,-1,0,0,-1,0,0,0,0,0,-1,0,0,1,-1,-1,-1,1,-1,-1,-1,-1,-1,1,Bilabial nasal click
ᵐʘ,2,1,1,-1,-1,1,-1,-1,-1,-1,-1,0,0,-1,0,0,0,0,0,-1,0,0,1,-1,-1,-1,1,-1,-1,-1,-1,-1,1,Bilabial nasal click
ʘ̥̃ʰ,0,1,1,-1,-1,1,-1,-1,-1,-1,-1,0,0,-1,0,0,0,0,0,-1,0,0,-1,1,-1,-1,1,-1,-1,-1,-1,-1,1,Aspirated bilabial nasal click
ᵑ̊ʘʰ,2,1,1,-1,-1,1,-1,-1,-1,-1,-1,0,0,-1,0,0,0,0,0,-1,0,0,-1,1,-1,-1,1,-1,-1,-1,-1,-1,1,Aspirated bilabial nasal click
ʘ̃ˀ,0,1,1,-1,-1,1,-1,-1,-1,-1,-1,0,0,-1,0,0,0,0,0,-1,0,0,-1,-1,1,-1,1,-1,-1,-1,-1,-1,1,Glottalized bilabial nasal click
ᵑʘˀ,2,1,1,-1,-1,1,-1,-1,-1,-1,-1,0,0,-1,0,0,0,0,0,-1,0,0,-1,-1,1,-1,1,-1,-1,-1,-1,-1,1,Glottalized bilabial nasal click
ʘ̃͜ʔ,2,1,1,-1,-1,1,-1,-1,-1,-1,-1,0,0,-1,0,0,0,0,0,-1,0,0,-1,-1,1,-1,1,-1,-1,-1,-1,-1,1,Glottalized bilabial nasal click
ᵑ̊ʘˀ,2,1,1,-1,-1,1,-1,-1,-1,-1,-1,0,0,-1,0,0,0,0,0,-1,0,0,-1,-1,1,-1,1,-1,-1,-1,-1,-1,1,Glottalized bilabial nasal click
ǀ,0,1,1,-1,-1,-1,0,0,0,0,1,1,1,-1,0,0,0,0,0,-1,0,0,-1,-1,-1,-1,1,-1,-1,-1,-1,-1,-1,Dental click
ʇ,2,1,1,-1,-1,-1,0,0,0,0,1,1,1,-1,0,0,0,0,0,-1,0,0,-1,-1,-1,-1,1,-1,-1,-1,-1,-1,-1,Dental click
ǀ̬,0,1,1,-1,-1,-1,0,0,0,0,1,1,1,-1,0,0,0,0,0,-1,0,0,1,-1,-1,-1,1,-1,-1,-1,-1,-1,-1,Voiced dental click
ʇ̬,2,1,1,-1,-1,-1,0,0,0,0,1,1,1,-1,0,0,0,0,0,-1,0,0,1,-1,-1,-1,1,-1,-1,-1,-1,-1,-1,Voiced dental click
ᶢǀ,2,1,1,-1,-1,-1,0,0,0,0,1,1,1,-1,0,0,0,0,0,-1,0,0,1,-1,-1,-1,1,-1,-1,-1,-1,-1,-1,Voiced dental click
ᶢʇ,2,1,1,-1,-1,-1,0,0,0,0,1,1,1,-1,0,0,0,0,0,-1,0,0,1,-1,-1,-1,1,-1,-1,-1,-1,-1,-1,Voiced dental click
ǀ̃,0,1,1,-1,-1,-1,0,0,0,0,1,1,1,-1,0,0,0,0,0,-1,0,0,1,-1,-1,-1,1,-1,-1,-1,-1,-1,1,Dental nasal click
ʇ̃,2,1,1,-1,-1,-1,0,0,0,0,1,1,1,-1,0,0,0,0,0,-1,0,0,1,-1,-1,-1,1,-1,-1,-1,-1,-1,1,Dental nasal click
ᵑǀ,2,1,1,-1,-1,-1,0,0,0,0,1,1,1,-1,0,0,0,0,0,-1,0,0,1,-1,-1,-1,1,-1,-1,-1,-1,-1,1,Dental nasal click
ⁿǀ,2,1,1,-1,-1,-1,0,0,0,0,1,1,1,-1,0,0,0,0,0,-1,0,0,1,-1,-1,-1,1,-1,-1,-1,-1,-1,1,Dental nasal click
ᵑʇ,2,1,1,-1,-1,-1,0,0,0,0,1,1,1,-1,0,0,0,0,0,-1,0,0,1,-1,-1,-1,1,-1,-1,-1,-1,-1,1,Dental nasal click
ǀ̥̃ʰ,0,1,1,-1,-1,-1,0,0,0,0,1,1,1,-1,0,0,0,0,0,-1,0,0,-1,1,-1,-1,1,-1,-1,-1,-1,-1,1,Aspirated dental nasal click
ʇ̥̃ʰ,2,1,1,-1,-1,-1,0,0,0,0,1,1,1,-1,0,0,0,0,0,-1,0,0,-1,1,-1,-1,1,-1,-1,-1,-1,-1,1,Aspirated dental nasal click
ᵑ̊ǀʰ,2,1,1,-1,-1,-1,0,0,0,0,1,1,1,-1,0,0,0,0,0,-1,0,0,-1,1,-1,-1,1,-1,-1,-1,-1,-1,1,Aspirated dental nasal click
ᵑ̊ʇʰ,2,1,1,-1,-1,-1,0,0,0,0,1,1,1,-1,0,0,0,0,0,-1,0,0,-1,1,-1,-1,1,-1,-1,-1,-1,-1,1,Aspirated dental nasal click
ǀ̃ˀ,0,1,1,-1,-1,-1,0,0,0,0,1,1,1,-1,0,0,0,0,0,-1,0,0,-1,-1,1,-1,1,-1,-1,-1,-1,-1,1,Glottalized dental nasal click
ʇ̃ˀ,2,1,1,-1,-1,-1,0,0,0,0,1,1,1,-1,0,0,0,0,0,-1,0,0,-1,-1,1,-1,1,-1,-1,-1,-1,-1,1,Glottalized dental nasal click
ᵑǀˀ,2,1,1,-1,-1,-1,0,0,0,0,1,1,1,-1,0,0,0,0,0,-1,0,0,-1,-1,1,-1,1,-1,-1,-1,-1,-1,1,Glottalized dental nasal click
ᵑʇˀ,2,1,1,-1,-1,-1,0,0,0,0,1,1,1,-1,0,0,0,0,0,-1,0,0,-1,-1,1,-1,1,-1,-1,-1,-1,-1,1,Glottalized dental nasal click
ᵑ̊ǀˀ,2,1,1,-1,-1,-1,0,0,0,0,1,1,1,-1,0,0,0,0,0,-1,0,0,-1,-1,1,-1,1,-1,-1,-1,-1,-1,1,Glottalized dental nasal click
ᵑ̊ʇˀ,2,1,1,-1,-1,-1,0,0,0,0,1,1,1,-1,0,0,0,0,0,-1,0,0,-1,-1,1,-1,1,-1,-1,-1,-1,-1,1,Glottalized dental nasal click
ǃ,0,1,1,-1,-1,-1,0,0,0,0,1,1,-1,-1,0,0,0,0,0,-1,0,0,-1,-1,-1,-1,1,-1,-1,-1,-1,-1,-1,Alveolar click
ʗ,2,1,1,-1,-1,-1,0,0,0,0,1,1,-1,-1,0,0,0,0,0,-1,0,0,-1,-1,-1,-1,1,-1,-1,-1,-1,-1,-1,Alveolar click
ǃʰ,0,1,1,-1,-1,-1,0,0,0,0,1,1,-1,-1,0,0,0,0,0,-1,0,0,-1,1,-1,-1,1,-1,-1,-1,-1,-1,-1,Aspirated alveolar click
ʗʰ,2,1,1,-1,-1,-1,0,0,0,0,1,1,-1,-1,0,0,0,0,0,-1,0,0,-1,1,-1,-1,1,-1,-1,-1,-1,-1,-1,Aspirated alveolar click
ǃ̬,0,1,1,-1,-1,-1,0,0,0,0,1,1,-1,-1,0,0,0,0,0,-1,0,0,1,-1,-1,-1,1,-1,-1,-1,-1,-1,-1,Voiced alveolar click
ʗ̬,2,1,1,-1,-1,-1,0,0,0,0,1,1,-1,-1,0,0,0,0,0,-1,0,0,1,-1,-1,-1,1,-1,-1,-1,-1,-1,-1,Voiced alveolar click
ᶢǃ,2,1,1,-1,-1,-1,0,0,0,0,1,1,-1,-1,0,0,0,0,0,-1,0,0,1,-1,-1,-1,1,-1,-1,-1,-1,-1,-1,Voiced alveolar click
ᶢʗ,2,1,1,-1,-1,-1,0,0,0,0,1,1,-1,-1,0,0,0,0,0,-1,0,0,1,-1,-1,-1,1,-1,-1,-1,-1,-1,-1,Voiced alveolar click
ǃ̃,0,1,1,-1,-1,-1,0,0,0,0,1,1,-1,-1,0,0,0,0,0,-1,0,0,1,-1,-1,-1,1,-1,-1,-1,-1,-1,1,Alveolar nasal click
ᵑǃ,2,1,1,-1,-1,-1,0,0,0,0,1,1,-1,-1,0,0,0,0,0,-1,0,0,1,-1,-1,-1,1,-1,-1,-1,-1,-1,1,Alveolar nasal click
ʗ̃,2,1,1,-1,-1,-1,0,0,0,0,1,1,-1,-1,0,0,0,0,0,-1,0,0,1,-1,-1,-1,1,-1,-1,-1,-1,-1,1,Alveolar nasal click
ᵑʗ,2,1,1,-1,-1,-1,0,0,0,0,1,1,-1,-1,0,0,0,0,0,-1,0,0,1,-1,-1,-1,1,-1,-1,-1,-1,-1,1,Alveolar nasal click
ǃ̥̃ʰ,0,1,1,-1,-1,-1,0,0,0,0,1,1,-1,-1,0,0,0,0,0,-1,0,0,-1,1,-1,-1,1,-1,-1,-1,-1,-1,1,Aspirated alveolar nasal click
ʗ̃̊ʰ,2,1,1,-1,-1,-1,0,0,0,0,1,1,-1,-1,0,0,0,0,0,-1,0,0,-1,1,-1,-1,1,-1,-1,-1,-1,-1,1,Aspirated alveolar nasal click
ᵑ̊ǃʰ,2,1,1,-1,-1,-1,0,0,0,0,1,1,-1,-1,0,0,0,0,0,-1,0,0,-1,1,-1,-1,1,-1,-1,-1,-1,-1,1,Aspirated alveolar nasal click
ᵑ̊ʗʰ,2,1,1,-1,-1,-1,0,0,0,0,1,1,-1,-1,0,0,0,0,0,-1,0,0,-1,1,-1,-1,1,-1,-1,-1,-1,-1,1,Aspirated alveolar nasal click
ǃ̃ˀ,0,1,1,-1,-1,-1,0,0,0,0,1,1,-1,-1,0,0,0,0,0,-1,0,0,-1,-1,1,-1,1,-1,-1,-1,-1,-1,1,Glottalized alveolar nasal click
ʗ̃ˀ,2,1,1,-1,-1,-1,0,0,0,0,1,1,-1,-1,0,0,0,0,0,-1,0,0,-1,-1,1,-1,1,-1,-1,-1,-1,-1,1,Glottalized alveolar nasal click
ᵑǃˀ,2,1,1,-1,-1,-1,0,0,0,0,1,1,-1,-1,0,0,0,0,0,-1,0,0,-1,-1,1,-1,1,-1,-1,-1,-1,-1,1,Glottalized alveolar nasal click
ᵑʗˀ,2,1,1,-1,-1,-1,0,0,0,0,1,1,-1,-1,0,0,0,0,0,-1,0,0,-1,-1,1,-1,1,-1,-1,-1,-1,-1,1,Glottalized alveolar nasal click
ǂ,0,1,1,-1,-1,-1,0,0,0,0,1,-1,1,1,1,-1,-1,-1,-1,-1,0,0,-1,-1,-1,-1,1,-1,-1,-1,-1,-1,-1,Palatal click
ʄ̵,2,1,1,-1,-1,-1,0,0,0,0,1,-1,1,1,1,-1,-1,-1,-1,-1,0,0,-1,-1,-1,-1,1,-1,-1,-1,-1,-1,-1,Palatal click
⨎,2,1,1,-1,-1,-1,0,0,0,0,1,-1,1,1,1,-1,-1,-1,-1,-1,0,0,-1,-1,-1,-1,1,-1,-1,-1,-1,-1,-1,Palatal click
ǂʰ,0,1,1,-1,-1,-1,0,0,0,0,1,-1,1,1,1,-1,-1,-1,-1,-1,0,0,-1,1,-1,-1,1,-1,-1,-1,-1,-1,-1,Aspirated palatal click
ǂ̬,0,1,1,-1,-1,-1,0,0,0,0,1,-1,1,1,1,-1,-1,-1,-1,-1,0,0,1,-1,-1,-1,1,-1,-1,-1,-1,-1,-1,Voiced palatal click
ᶢǂ,2,1,1,-1,-1,-1,0,0,0,0,1,-1,1,1,1,-1,-1,-1,-1,-1,0,0,1,-1,-1,-1,1,-1,-1,-1,-1,-1,-1,Voiced palatal click
ǂ̃,0,1,1,-1,-1,-1,0,0,0,0,1,-1,1,1,1,-1,-1,-1,-1,-1,0,0,1,-1,-1,-1,1,-1,-1,-1,-1,-1,1,Palatal nasal click
ᵑǂ,2,1,1,-1,-1,-1,0,0,0,0,1,-1,1,1,1,-1,-1,-1,-1,-1,0,0,1,-1,-1,-1,1,-1,-1,-1,-1,-1,1,Palatal nasal click
ǂ̥̃ʰ,0,1,1,-1,-1,-1,0,0,0,0,1,-1,1,1,1,-1,-1,-1,-1,-1,0,0,-1,1,-1,-1,1,-1,-1,-1,-1,-1,1,Aspirated palatal nasal click
ᵑ̊ǂʰ,2,1,1,-1,-1,-1,0,0,0,0,1,-1,1,1,1,-1,-1,-1,-1,-1,0,0,-1,1,-1,-1,1,-1,-1,-1,-1,-1,1,Aspirated palatal nasal click
ǂ̃ˀ,0,1,1,-1,-1,-1,0,0,0,0,1,-1,1,1,1,-1,-1,-1,-1,-1,0,0,-1,-1,1,-1,1,-1,-1,-1,-1,-1,1,Glottalized palatal nasal click
ᵑǂˀ,2,1,1,-1,-1,-1,0,0,0,0,1,-1,1,1,1,-1,-1,-1,-1,-1,0,0,-1,-1,1,-1,1,-1,-1,-1,-1,-1,1,Glottalized palatal nasal click
ᵑǂ͡ʔ,2,1,1,-1,-1,-1,0,0,0,0,1,-1,1,1,1,-1,-1,-1,-1,-1,0,0,-1,-1,1,-1,1,-1,-1,-1,-1,-1,1,Glottalized palatal nasal click
ᵑ̊ǂˀ,2,1,1,-1,-1,-1,0,0,0,0,1,-1,1,1,1,-1,-1,-1,-1,-1,0,0,-1,-1,1,-1,1,-1,-1,-1,-1,-1,1,Glottalized palatal nasal click
ǃ͡s,0,1,1,-1,-1,-1,0,0,0,0,1,-1,1,1,1,-1,-1,-1,-1,-1,0,0,-1,-1,-1,-1,1,-1,-1,1,-1,-1,-1,Domed palatal click
ǂᶴ,2,1,1,-1,-1,-1,0,0,0,0,1,-1,1,1,1,-1,-1,-1,-1,-1,0,0,-1,-1,-1,-1,1,-1,-1,1,-1,-1,-1,Domed palatal click
ǁ,0,1,1,-1,-1,-1,0,0,0,0,1,1,-1,-1,0,0,0,0,0,-1,0,0,-1,-1,-1,-1,1,-1,-1,-1,1,-1,-1,Alveolar lateral click
ʖ,2,1,1,-1,-1,-1,0,0,0,0,1,1,-1,-1,0,0,0,0,0,-1,0,0,-1,-1,-1,-1,1,-1,-1,-1,1,-1,-1,Alveolar lateral click
ǁʰ,0,1,1,-1,-1,-1,0,0,0,0,1,1,-1,-1,0,0,0,0,0,-1,0,0,-1,1,-1,-1,1,-1,-1,-1,1,-1,-1,Aspirated alveolar lateral click
ʖʰ,2,1,1,-1,-1,-1,0,0,0,0,1,1,-1,-1,0,0,0,0,0,-1,0,0,-1,1,-1,-1,1,-1,-1,-1,1,-1,-1,Aspirated alveolar lateral click
ǁ̬,0,1,1,-1,-1,-1,0,0,0,0,1,1,-1,-1,0,0,0,0,0,-1,0,0,1,-1,-1,-1,1,-1,-1,-1,1,-1,-1,Voiced alveolar lateral click
ʖ̬,2,1,1,-1,-1,-1,0,0,0,0,1,1,-1,-1,0,0,0,0,0,-1,0,0,1,-1,-1,-1,1,-1,-1,-1,1,-1,-1,Voiced alveolar lateral click
ᶢǁ,2,1,1,-1,-1,-1,0,0,0,0,1,1,-1,-1,0,0,0,0,0,-1,0,0,1,-1,-1,-1,1,-1,-1,-1,1,-1,-1,Voiced alveolar lateral click
ᶢʖ,2,1,1,-1,-1,-1,0,0,0,0,1,1,-1,-1,0,0,0,0,0,-1,0,0,1,-1,-1,-1,1,-1,-1,-1,1,-1,-1,Voiced alveolar lateral click
ǁ̃,0,1,1,-1,-1,-1,0,0,0,0,1,1,-1,-1,0,0,0,0,0,-1,0,0,1,-1,-1,-1,1,-1,-1,-1,1,-1,1,Alveolar nasal lateral click
ʖ̃,2,1,1,-1,-1,-1,0,0,0,0,1,1,-1,-1,0,0,0,0,0,-1,0,0,1,-1,-1,-1,1,-1,-1,-1,1,-1,1,Alveolar nasal lateral click
ᵑǁ,2,1,1,-1,-1,-1,0,0,0,0,1,1,-1,-1,0,0,0,0,0,-1,0,0,1,-1,-1,-1,1,-1,-1,-1,1,-1,1,Alveolar nasal lateral click
ᵑʖ,2,1,1,-1,-1,-1,0,0,0,0,1,1,-1,-1,0,0,0,0,0,-1,0,0,1,-1,-1,-1,1,-1,-1,-1,1,-1,1,Alveolar nasal lateral click
ǁ̥̃ʰ,0,1,1,-1,-1,-1,0,0,0,0,1,1,-1,-1,0,0,0,0,0,-1,0,0,-1,1,-1,-1,1,-1,-1,-1,1,-1,1,Aspirated alveolar lateral nasal click
ʖ̥̃ʰ,2,1,1,-1,-1,-1,0,0,0,0,1,1,-1,-1,0,0,0,0,0,-1,0,0,-1,1,-1,-1,1,-1,-1,-1,1,-1,1,Aspirated alveolar lateral nasal click
ᵑ̊ǁʰ,2,1,1,-1,-1,-1,0,0,0,0,1,1,-1,-1,0,0,0,0,0,-1,0,0,-1,1,-1,-1,1,-1,-1,-1,1,-1,1,Aspirated alveolar lateral nasal click
ᵑ̊ʖʰ,2,1,1,-1,-1,-1,0,0,0,0,1,1,-1,-1,0,0,0,0,0,-1,0,0,-1,1,-1,-1,1,-1,-1,-1,1,-1,1,Aspirated alveolar lateral nasal click
ǁ̃ˀ,0,1,1,-1,-1,-1,0,0,0,0,1,1,-1,-1,0,0,0,0,0,-1,0,0,-1,-1,1,-1,1,-1,-1,-1,1,-1,1,Glottalized alveolar lateral nasal click
ʖ̃ˀ,2,1,1,-1,-1,-1,0,0,0,0,1,1,-1,-1,0,0,0,0,0,-1,0,0,-1,-1,1,-1,1,-1,-1,-1,1,-1,1,Glottalized alveolar lateral nasal click
ᵑǁˀ,2,1,1,-1,-1,-1,0,0,0,0,1,1,-1,-1,0,0,0,0,0,-1,0,0,-1,-1,1,-1,1,-1,-1,-1,1,-1,1,Glottalized alveolar lateral nasal click
ᵑʖˀ,2,1,1,-1,-1,-1,0,0,0,0,1,1,-1,-1,0,0,0,0,0,-1,0,0,-1,-1,1,-1,1,-1,-1,-1,1,-1,1,Glottalized alveolar lateral nasal click
ᵑǁ͡ʔ,0,1,1,-1,-1,-1,0,0,0,0,1,1,-1,-1,0,0,0,0,0,-1,0,0,-1,-1,1,-1,1,-1,-1,-1,1,-1,1,Glottalized alveolar lateral nasal click
ʖ̃͜ʔ,0,1,1,-1,-1,-1,0,0,0,0,1,1,-1,-1,0,0,0,0,0,-1,0,0,-1,-1,1,-1,1,-1,-1,-1,1,-1,1,Glottalized alveolar lateral nasal click
ǃ˞,0,1,1,-1,-1,-1,0,0,0,0,1,-1,-1,-1,0,0,0,0,0,-1,0,0,-1,-1,-1,-1,1,-1,-1,-1,-1,-1,-1,Retroflex click
ǃǁ,2,1,1,-1,-1,-1,0,0,0,0,1,-1,-1,-1,0,0,0,0,0,-1,0,0,-1,-1,-1,-1,1,-1,-1,-1,-1,-1,-1,Retroflex click
‼,2,1,1,-1,-1,-1,0,0,0,0,1,-1,-1,-1,0,0,0,0,0,-1,0,0,-1,-1,-1,-1,1,-1,-1,-1,-1,-1,-1,Retroflex click
!!,2,1,1,-1,-1,-1,0,0,0,0,1,-1,-1,-1,0,0,0,0,0,-1,0,0,-1,-1,-1,-1,1,-1,-1,-1,-1,-1,-1,Retroflex click
ǃ˞ʰ,0,1,1,-1,-1,-1,0,0,0,0,1,-1,-1,-1,0,0,0,0,0,-1,0,0,-1,1,-1,-1,1,-1,-1,-1,-1,-1,-1,Aspirated retroflex click
‼ʰ,2,1,1,-1,-1,-1,0,0,0,0,1,-1,-1,-1,0,0,0,0,0,-1,0,0,-1,1,-1,-1,1,-1,-1,-1,-1,-1,-1,Aspirated retroflex click
!!ʰ,2,1,1,-1,-1,-1,0,0,0,0,1,-1,-1,-1,0,0,0,0,0,-1,0,0,-1,1,-1,-1,1,-1,-1,-1,-1,-1,-1,Aspirated retroflex click
ǃ̬˞,0,1,1,-1,-1,-1,0,0,0,0,1,-1,-1,-1,0,0,0,0,0,-1,0,0,1,-1,-1,-1,1,-1,-1,-1,-1,-1,-1,Voiced retroflex click
ᶢǃ˞,2,1,1,-1,-1,-1,0,0,0,0,1,-1,-1,-1,0,0,0,0,0,-1,0,0,1,-1,-1,-1,1,-1,-1,-1,-1,-1,-1,Voiced retroflex click
‼̬,2,1,1,-1,-1,-1,0,0,0,0,1,-1,-1,-1,0,0,0,0,0,-1,0,0,1,-1,-1,-1,1,-1,-1,-1,-1,-1,-1,Voiced retroflex click
!!̬,2,1,1,-1,-1,-1,0,0,0,0,1,-1,-1,-1,0,0,0,0,0,-1,0,0,1,-1,-1,-1,1,-1,-1,-1,-1,-1,-1,Voiced retroflex click
ᶢ‼,2,1,1,-1,-1,-1,0,0,0,0,1,-1,-1,-1,0,0,0,0,0,-1,0,0,1,-1,-1,-1,1,-1,-1,-1,-1,-1,-1,Voiced retroflex click
ᶢ!!,2,1,1,-1,-1,-1,0,0,0,0,1,-1,-1,-1,0,0,0,0,0,-1,0,0,1,-1,-1,-1,1,-1,-1,-1,-1,-1,-1,Voiced retroflex click
ǃ̃˞,0,1,1,-1,-1,-1,0,0,0,0,1,-1,-1,-1,0,0,0,0,0,-1,0,0,1,-1,-1,-1,1,-1,-1,-1,-1,-1,1,Retroflex nasal click
ᵑǃ˞,2,1,1,-1,-1,-1,0,0,0,0,1,-1,-1,-1,0,0,0,0,0,-1,0,0,1,-1,-1,-1,1,-1,-1,-1,-1,-1,1,Retroflex nasal click
‼̃,2,1,1,-1,-1,-1,0,0,0,0,1,-1,-1,-1,0,0,0,0,0,-1,0,0,1,-1,-1,-1,1,-1,-1,-1,-1,-1,1,Retroflex nasal click
!!̃,2,1,1,-1,-1,-1,0,0,0,0,1,-1,-1,-1,0,0,0,0,0,-1,0,0,1,-1,-1,-1,1,-1,-1,-1,-1,-1,1,Retroflex nasal click
ᵑ‼,2,1,1,-1,-1,-1,0,0,0,0,1,-1,-1,-1,0,0,0,0,0,-1,0,0,1,-1,-1,-1,1,-1,-1,-1,-1,-1,1,Retroflex nasal click
ᵑ!!,2,1,1,-1,-1,-1,0,0,0,0,1,-1,-1,-1,0,0,0,0,0,-1,0,0,1,-1,-1,-1,1,-1,-1,-1,-1,-1,1,Retroflex nasal click
ǃ̥̃˞ʰ,0,1,1,-1,-1,-1,0,0,0,0,1,-1,-1,-1,0,0,0,0,0,-1,0,0,-1,1,-1,-1,1,-1,-1,-1,-1,-1,1,Aspirated retroflex nasal click
ᵑ̊ǃ˞ʰ,2,1,1,-1,-1,-1,0,0,0,0,1,-1,-1,-1,0,0,0,0,0,-1,0,0,-1,1,-1,-1,1,-1,-1,-1,-1,-1,1,Aspirated retroflex nasal click
‼̥̃ʰ,2,1,1,-1,-1,-1,0,0,0,0,1,-1,-1,-1,0,0,0,0,0,-1,0,0,-1,1,-1,-1,1,-1,-1,-1,-1,-1,1,Aspirated retroflex nasal click
!!̥̃ʰ,2,1,1,-1,-1,-1,0,0,0,0,1,-1,-1,-1,0,0,0,0,0,-1,0,0,-1,1,-1,-1,1,-1,-1,-1,-1,-1,1,Aspirated retroflex nasal click
ᵑ̊‼ʰ,2,1,1,-1,-1,-1,0,0,0,0,1,-1,-1,-1,0,0,0,0,0,-1,0,0,-1,1,-1,-1,1,-1,-1,-1,-1,-1,1,Aspirated retroflex nasal click
ᵑ̊!!ʰ,2,1,1,-1,-1,-1,0,0,0,0,1,-1,-1,-1,0,0,0,0,0,-1,0,0,-1,1,-1,-1,1,-1,-1,-1,-1,-1,1,Aspirated retroflex nasal click
ǃ̃˞ˀ,0,1,1,-1,-1,-1,0,0,0,0,1,-1,-1,-1,0,0,0,0,0,-1,0,0,-1,-1,1,-1,1,-1,-1,-1,-1,-1,1,Glottalized alveolar nasal click
ᵑǃ˞͜ʔ,2,1,1,-1,-1,-1,0,0,0,0,1,-1,-1,-1,0,0,0,0,0,-1,0,0,-1,-1,1,-1,1,-1,-1,-1,-1,-1,1,Glottalized alveolar nasal click
ᵑ̊‼ˀ,2,1,1,-1,-1,-1,0,0,0,0,1,-1,-1,-1,0,0,0,0,0,-1,0,0,-1,-1,1,-1,1,-1,-1,-1,-1,-1,1,Glottalized alveolar nasal click
ᵑ‼ˀ,2,1,1,-1,-1,-1,0,0,0,0,1,-1,-1,-1,0,0,0,0,0,-1,0,0,-1,-1,1,-1,1,-1,-1,-1,-1,-1,1,Glottalized alveolar nasal click
‼̃ˀ,2,1,1,-1,-1,-1,0,0,0,0,1,-1,-1,-1,0,0,0,0,0,-1,0,0,-1,-1,1,-1,1,-1,-1,-1,-1,-1,1,Glottalized alveolar nasal click
ᵑ̊!!ˀ,2,1,1,-1,-1,-1,0,0,0,0,1,-1,-1,-1,0,0,0,0,0,-1,0,0,-1,-1,1,-1,1,-1,-1,-1,-1,-1,1,Glottalized alveolar nasal click
ᵑ!!ˀ,2,1,1,-1,-1,-1,0,0,0,0,1,-1,-1,-1,0,0,0,0,0,-1,0,0,-1,-1,1,-1,1,-1,-1,-1,-1,-1,1,Glottalized alveolar nasal click
!!̃ˀ,2,1,1,-1,-1,-1,0,0,0,0,1,-1,-1,-1,0,0,0,0,0,-1,0,0,-1,-1,1,-1,1,-1,-1,-1,-1,-1,1,Glottalized alveolar nasal click
,,,,,,,,,,,,,,,,,,,,,,,,,,,,,,,,,,
# vowels,,,,,,,,,,,,,,,,,,,,,,,,,,,,,,,,,,
i,0,1,-1,1,1,1,-1,-1,-1,-1,-1,0,0,1,1,-1,1,-1,1,1,1,-1,1,-1,-1,-1,-1,1,1,-1,-1,-1,-1,Close front unrounded vowel
ɪ,0,1,-1,1,1,1,-1,-1,-1,-1,-1,0,0,1,1,-1,1,-1,-1,1,-1,-1,1,-1,-1,-1,-1,1,1,-1,-1,-1,-1,Near-close near-front unrounded vowel
ɩ,2,1,-1,1,1,1,-1,-1,-1,-1,-1,0,0,1,1,-1,1,-1,-1,1,-1,-1,1,-1,-1,-1,-1,1,1,-1,-1,-1,-1,Near-close near-front unrounded vowel
ı,8,1,-1,1,1,1,-1,-1,-1,-1,-1,0,0,1,1,-1,1,-1,-1,1,-1,-1,1,-1,-1,-1,-1,1,1,-1,-1,-1,-1,Near-close near-front unrounded vowel
u,0,1,-1,1,1,1,1,-1,-1,-1,-1,0,0,1,1,-1,-1,1,1,1,1,-1,1,-1,-1,-1,-1,1,1,-1,-1,-1,-1,Close back rounded vowel
ʊ,0,1,-1,1,1,1,1,-1,-1,-1,-1,0,0,1,1,-1,-1,1,-1,1,-1,-1,1,-1,-1,-1,-1,1,1,-1,-1,-1,-1,Near-close near-back rounded vowel
ɷ,2,1,-1,1,1,1,1,-1,-1,-1,-1,0,0,1,1,-1,-1,1,-1,1,-1,-1,1,-1,-1,-1,-1,1,1,-1,-1,-1,-1,Near-close near-back rounded vowel
ᴜ,1,1,-1,1,1,1,1,-1,-1,-1,-1,0,0,1,1,-1,-1,1,-1,1,-1,-1,1,-1,-1,-1,-1,1,1,-1,-1,-1,-1,Near-close near-back rounded vowel
ɯ̽,0,1,-1,1,1,1,-1,-1,-1,-1,-1,0,0,1,1,-1,-1,1,-1,1,-1,-1,1,-1,-1,-1,-1,1,1,-1,-1,-1,-1,Near-close near-back unrounded vowel
ʊ̜,2,1,2,1,1,1,-1,-1,-1,-1,-1,0,0,1,1,-1,-1,1,-1,1,-1,-1,1,-1,-1,-1,-1,1,1,-1,-1,-1,-1,Near-close near-back unrounded vowel
e,0,1,-1,1,1,1,-1,-1,-1,-1,-1,0,0,1,-1,-1,1,-1,1,1,1,-1,1,-1,-1,-1,-1,1,1,-1,-1,-1,-1,Close-mid front unrounded vowel
ɛ,0,1,-1,1,1,1,-1,-1,-1,-1,-1,0,0,1,-1,-1,1,-1,-1,1,-1,-1,1,-1,-1,-1,-1,1,1,-1,-1,-1,-1,Open-mid front unrounded vowel
o,0,1,-1,1,1,1,1,-1,-1,-1,-1,0,0,1,-1,-1,-1,1,1,1,1,-1,1,-1,-1,-1,-1,1,1,-1,-1,-1,-1,Close-mid back rounded vowel
ɤ,0,1,-1,1,1,1,-1,-1,-1,-1,-1,0,0,1,-1,-1,-1,1,1,1,1,-1,1,-1,-1,-1,-1,1,1,-1,-1,-1,-1,Close-mid back unrounded vowel
ȣ,8,1,-1,1,1,1,-1,-1,-1,-1,-1,0,0,1,-1,-1,-1,1,1,1,1,-1,1,-1,-1,-1,-1,1,1,-1,-1,-1,-1,Close-mid back unrounded vowel
ɔ,0,1,-1,1,1,1,1,-1,-1,-1,-1,0,0,1,-1,-1,-1,1,-1,1,-1,-1,1,-1,-1,-1,-1,1,1,-1,-1,-1,-1,Open-mid back rounded vowel
ʌ,0,1,-1,1,1,1,-1,-1,-1,-1,-1,0,0,1,-1,-1,-1,1,-1,1,-1,-1,1,-1,-1,-1,-1,1,1,-1,-1,-1,-1,Open-mid back unrounded vowel
a,0,1,-1,1,1,1,-1,-1,-1,-1,-1,0,0,1,-1,1,-1,-1,-1,1,-1,-1,1,-1,-1,-1,-1,1,1,-1,-1,-1,-1,Open front unrounded vowel
a̟,2,1,-1,1,1,1,-1,-1,-1,-1,-1,0,0,1,-1,1,-1,-1,-1,1,-1,-1,1,-1,-1,-1,-1,1,1,-1,-1,-1,-1,Open front unrounded vowel
æ̞,2,1,-1,1,1,1,-1,-1,-1,-1,-1,0,0,1,-1,1,-1,-1,-1,1,-1,-1,1,-1,-1,-1,-1,1,1,-1,-1,-1,-1,Open front unrounded vowel
ɶ,0,1,-1,1,1,1,1,-1,-1,-1,-1,0,0,1,-1,1,-1,-1,-1,1,-1,-1,1,-1,-1,-1,-1,1,1,-1,-1,-1,-1,Open front rounded vowel
æ,0,1,-1,1,1,1,-1,-1,-1,-1,-1,0,0,1,-1,1,1,-1,1,1,-1,-1,1,-1,-1,-1,-1,1,1,-1,-1,-1,-1,Near-open front unrounded vowel
y,0,1,-1,1,1,1,1,-1,-1,-1,-1,0,0,1,1,-1,1,-1,1,1,1,-1,1,-1,-1,-1,-1,1,1,-1,-1,-1,-1,Close front rounded vowel
ʏ,0,1,-1,1,1,1,1,-1,-1,-1,-1,0,0,1,1,-1,1,-1,-1,1,-1,-1,1,-1,-1,-1,-1,1,1,-1,-1,-1,-1,Near-close near-front rounded vowel
ø,0,1,-1,1,1,1,1,-1,-1,-1,-1,0,0,1,-1,-1,1,-1,1,1,1,-1,1,-1,-1,-1,-1,1,1,-1,-1,-1,-1,Close-mid front rounded vowel
œ,0,1,-1,1,1,1,-1,-1,-1,-1,-1,0,0,1,-1,-1,1,-1,-1,1,-1,-1,1,-1,-1,-1,-1,1,1,-1,-1,-1,-1,Open-mid front rounded vowel
ə,0,1,-1,1,1,1,2,-1,-1,-1,-1,0,0,1,-1,-1,-1,-1,1,1,-1,-1,1,-1,-1,-1,-1,1,1,-1,-1,-1,-1,Mid-central vowel
ɵ̞,0,1,-1,1,1,1,1,-1,-1,-1,-1,0,0,1,-1,-1,-1,-1,1,1,-1,-1,1,-1,-1,-1,-1,1,1,-1,-1,-1,-1,Mid-central rounded vowel
ə̹,2,1,-1,1,1,1,1,-1,-1,-1,-1,0,0,1,-1,-1,-1,-1,1,1,-1,-1,1,-1,-1,-1,-1,1,1,-1,-1,-1,-1,Mid-central rounded vowel
ɞ̝,2,1,-1,1,1,1,1,-1,-1,-1,-1,0,0,1,-1,-1,-1,-1,1,1,-1,-1,1,-1,-1,-1,-1,1,1,-1,-1,-1,-1,Mid-central rounded vowel
ɘ̞,0,1,-1,1,1,1,-1,-1,-1,-1,-1,0,0,1,-1,-1,-1,-1,1,1,-1,-1,1,-1,-1,-1,-1,1,1,-1,-1,-1,-1,Mid-central unrounded vowel
ɯ,0,1,-1,1,1,1,1,-1,-1,-1,-1,0,0,1,1,-1,-1,1,1,1,-1,-1,1,-1,-1,-1,-1,1,1,-1,-1,-1,-1,Close back unrounded vowel
ɒ,0,1,-1,1,1,1,1,-1,-1,-1,-1,0,0,1,-1,1,-1,1,-1,1,-1,-1,1,-1,-1,-1,-1,1,1,-1,-1,-1,-1,Open back rounded vowel
ɑ,0,1,-1,1,1,1,-1,-1,-1,-1,-1,0,0,1,-1,1,-1,1,-1,1,-1,-1,1,-1,-1,-1,-1,1,1,-1,-1,-1,-1,Open back unrounded vowel
ɨ,0,1,-1,1,1,1,-1,-1,-1,-1,-1,0,0,1,1,-1,-1,-1,1,1,1,-1,1,-1,-1,-1,-1,1,1,-1,-1,-1,-1,Close central unrounded vowel
ï,2,1,-1,1,1,1,-1,-1,-1,-1,-1,0,0,1,1,-1,-1,-1,1,1,1,-1,1,-1,-1,-1,-1,1,1,-1,-1,-1,-1,Close central unrounded vowel
ʉ,0,1,-1,1,1,1,1,-1,-1,-1,-1,0,0,1,1,-1,-1,-1,1,1,1,-1,1,-1,-1,-1,-1,1,1,-1,-1,-1,-1,Close central rounded vowel
ü,2,1,-1,1,1,1,1,-1,-1,-1,-1,0,0,1,1,-1,-1,-1,1,1,1,-1,1,-1,-1,-1,-1,1,1,-1,-1,-1,-1,Close central rounded vowel
ɘ,0,1,-1,1,1,1,-1,-1,-1,-1,-1,0,0,1,-1,-1,-1,-1,1,1,1,-1,1,-1,-1,-1,-1,1,1,-1,-1,-1,-1,Close-mid central unrounded vowel
ë,2,1,-1,1,1,1,-1,-1,-1,-1,-1,0,0,1,-1,-1,-1,-1,1,1,1,-1,1,-1,-1,-1,-1,1,1,-1,-1,-1,-1,Close-mid central unrounded vowel
ɵ,0,1,-1,1,1,1,1,-1,-1,-1,-1,0,0,1,-1,-1,-1,-1,1,1,1,-1,1,-1,-1,-1,-1,1,1,-1,-1,-1,-1,Close-mid central rounded vowel
ö,2,1,-1,1,1,1,1,-1,-1,-1,-1,0,0,1,-1,-1,-1,-1,1,1,1,-1,1,-1,-1,-1,-1,1,1,-1,-1,-1,-1,Close-mid central rounded vowel
ɜ,0,1,-1,1,1,1,-1,-1,-1,-1,-1,0,0,1,-1,-1,-1,-1,-1,1,1,-1,1,-1,-1,-1,-1,1,1,-1,-1,-1,-1,Open-mid central unrounded vowel
ɛ̈,2,1,-1,1,1,1,-1,-1,-1,-1,-1,0,0,1,-1,-1,-1,-1,-1,1,1,-1,1,-1,-1,-1,-1,1,1,-1,-1,-1,-1,Open-mid central unrounded vowel
ɞ,0,1,-1,1,1,1,1,-1,-1,-1,-1,0,0,1,-1,-1,-1,-1,-1,1,1,-1,1,-1,-1,-1,-1,1,1,-1,-1,-1,-1,Open-mid central rounded vowel
ɔ̈,2,1,-1,1,1,1,1,-1,-1,-1,-1,0,0,1,-1,-1,-1,-1,-1,1,1,-1,1,-1,-1,-1,-1,1,1,-1,-1,-1,-1,Open-mid central rounded vowel
ʚ,8,1,-1,1,1,1,1,-1,-1,-1,-1,0,0,1,-1,-1,-1,-1,-1,1,1,-1,1,-1,-1,-1,-1,1,1,-1,-1,-1,-1,Open-mid central rounded vowel
ä,0,1,-1,1,1,1,-1,-1,-1,-1,-1,0,0,1,-1,1,-1,-1,-1,1,-1,-1,1,-1,-1,-1,-1,1,1,-1,-1,-1,-1,Open central unrounded vowel
a̠,2,1,-1,1,1,1,-1,-1,-1,-1,-1,0,0,1,-1,1,-1,-1,-1,1,-1,-1,1,-1,-1,-1,-1,1,1,-1,-1,-1,-1,Open central unrounded vowel
ɑ̈,2,1,-1,1,1,1,-1,-1,-1,-1,-1,0,0,1,-1,1,-1,-1,-1,1,-1,-1,1,-1,-1,-1,-1,1,1,-1,-1,-1,-1,Open central unrounded vowel
ɐ̞,2,1,-1,1,1,1,-1,-1,-1,-1,-1,0,0,1,-1,1,-1,-1,-1,1,-1,-1,1,-1,-1,-1,-1,1,1,-1,-1,-1,-1,Open central unrounded vowel
ᴀ,4,1,-1,1,1,1,-1,-1,-1,-1,-1,0,0,1,-1,1,-1,-1,-1,1,-1,-1,1,-1,-1,-1,-1,1,1,-1,-1,-1,-1,Open central unrounded vowel
α,9,1,-1,1,1,1,-1,-1,-1,-1,-1,0,0,1,-1,1,-1,-1,-1,1,-1,-1,1,-1,-1,-1,-1,1,1,-1,-1,-1,-1,Open central unrounded vowel
ɐ,0,1,-1,1,1,1,2,-1,-1,-1,-1,0,0,1,-1,1,-1,-1,1,1,-1,-1,1,-1,-1,-1,-1,1,1,-1,-1,-1,-1,Near-open central vowel
ɜ̞,0,1,-1,1,1,1,-1,-1,-1,-1,-1,0,0,1,-1,1,-1,-1,1,1,-1,-1,1,-1,-1,-1,-1,1,1,-1,-1,-1,-1,Near-open central rounded vowel
ɞ̞,0,1,-1,1,1,1,1,-1,-1,-1,-1,0,0,1,-1,1,-1,-1,1,1,-1,-1,1,-1,-1,-1,-1,1,1,-1,-1,-1,-1,Near-open central unrounded vowel
ɪ̟,0,1,-1,1,1,1,-1,-1,-1,-1,-1,0,0,1,1,-1,1,-1,-1,1,1,-1,1,-1,-1,-1,-1,1,1,-1,-1,-1,-1,Near-close front unrounded vowel
ʏ̟,0,1,-1,1,1,1,1,-1,-1,-1,-1,0,0,1,1,-1,1,-1,-1,1,1,-1,1,-1,-1,-1,-1,1,1,-1,-1,-1,-1,Near-close front rounded vowel
ʏ̫,0,1,-1,1,1,1,1,1,-1,-1,-1,0,0,1,1,-1,1,-1,-1,1,-1,-1,1,-1,-1,-1,-1,1,1,-1,-1,-1,-1,Near-close near-front protruded vowel
ʏʷ,2,1,-1,1,1,1,1,1,-1,-1,-1,0,0,1,1,-1,1,-1,-1,1,-1,-1,1,-1,-1,-1,-1,1,1,-1,-1,-1,-1,Near-close near-front protruded vowel
ɪʷ,2,1,-1,1,1,1,1,1,-1,-1,-1,0,0,1,1,-1,1,-1,-1,1,-1,-1,1,-1,-1,-1,-1,1,1,-1,-1,-1,-1,Near-close near-front protruded vowel
y̫,0,1,-1,1,1,1,1,1,-1,-1,-1,0,0,1,1,-1,1,-1,1,1,1,-1,1,-1,-1,-1,-1,1,1,-1,-1,-1,-1,Close front protruded vowel
yʷ,2,1,-1,1,1,1,1,1,-1,-1,-1,0,0,1,1,-1,1,-1,1,1,1,-1,1,-1,-1,-1,-1,1,1,-1,-1,-1,-1,Close front protruded vowel
iʷ,2,1,-1,1,1,1,1,1,-1,-1,-1,0,0,1,1,-1,1,-1,1,1,1,-1,1,-1,-1,-1,-1,1,1,-1,-1,-1,-1,Close front protruded vowel
u͍,0,1,-1,1,1,1,1,-1,1,-1,-1,0,0,1,1,-1,-1,1,1,1,1,-1,1,-1,-1,-1,-1,1,1,-1,-1,-1,-1,Close back compressed vowel
ɯᵝ,2,1,-1,1,1,1,1,-1,1,-1,-1,0,0,1,1,-1,-1,1,1,1,1,-1,1,-1,-1,-1,-1,1,1,-1,-1,-1,-1,Close back compressed vowel
ɯ͡β̞,2,1,-1,1,1,1,1,-1,1,-1,-1,0,0,1,1,-1,-1,1,1,1,1,-1,1,-1,-1,-1,-1,1,1,-1,-1,-1,-1,Close back compressed vowel
ʉ͍,0,1,-1,1,1,1,1,-1,1,-1,-1,0,0,1,1,-1,-1,-1,1,1,1,-1,1,-1,-1,-1,-1,1,1,-1,-1,-1,-1,Close central compressed vowel
ɨᵝ,2,1,-1,1,1,1,1,-1,1,-1,-1,0,0,1,1,-1,-1,-1,1,1,1,-1,1,-1,-1,-1,-1,1,1,-1,-1,-1,-1,Close central compressed vowel
ɨ͡β̞,2,1,-1,1,1,1,1,-1,1,-1,-1,0,0,1,1,-1,-1,-1,1,1,1,-1,1,-1,-1,-1,-1,1,1,-1,-1,-1,-1,Close central compressed vowel
ɪ̈,0,1,-1,1,1,1,-1,-1,-1,-1,-1,0,0,1,1,-1,-1,-1,-1,1,1,-1,1,-1,-1,-1,-1,1,1,-1,-1,-1,-1,Near-close central unrounded vowel
ɨ̞,2,1,-1,1,1,1,-1,-1,-1,-1,-1,0,0,1,1,-1,-1,-1,-1,1,1,-1,1,-1,-1,-1,-1,1,1,-1,-1,-1,-1,Near-close central unrounded vowel
ɘ̝,2,1,-1,1,1,1,-1,-1,-1,-1,-1,0,0,1,1,-1,-1,-1,-1,1,1,-1,1,-1,-1,-1,-1,1,1,-1,-1,-1,-1,Near-close central unrounded vowel
ᵻ,9,1,-1,1,1,1,-1,-1,-1,-1,-1,0,0,1,1,-1,-1,-1,-1,1,1,-1,1,-1,-1,-1,-1,1,1,-1,-1,-1,-1,Near-close central unrounded vowel
ʊ̈,0,1,-1,1,1,1,1,-1,-1,-1,-1,0,0,1,1,-1,-1,-1,-1,1,1,-1,1,-1,-1,-1,-1,1,1,-1,-1,-1,-1,Near-close central rounded vowel
ʉ̞,2,1,-1,1,1,1,1,-1,-1,-1,-1,0,0,1,1,-1,-1,-1,-1,1,1,-1,1,-1,-1,-1,-1,1,1,-1,-1,-1,-1,Near-close central rounded vowel
ᵿ,9,1,-1,1,1,1,1,-1,-1,-1,-1,0,0,1,1,-1,-1,-1,-1,1,1,-1,1,-1,-1,-1,-1,1,1,-1,-1,-1,-1,Near-close central rounded vowel
ø̫,0,1,-1,1,1,1,1,1,-1,-1,-1,0,0,1,-1,-1,1,-1,1,1,1,-1,1,-1,-1,-1,-1,1,1,-1,-1,-1,-1,Close-mid front protruded vowel
øʷ,5,1,-1,1,1,1,1,1,-1,-1,-1,0,0,1,-1,-1,1,-1,1,1,1,-1,1,-1,-1,-1,-1,1,1,-1,-1,-1,-1,Close-mid front protruded vowel
eʷ,5,1,-1,1,1,1,1,1,-1,-1,-1,0,0,1,-1,-1,1,-1,1,1,1,-1,1,-1,-1,-1,-1,1,1,-1,-1,-1,-1,Close-mid front protruded vowel
e̞,0,1,-1,1,1,1,-1,-1,-1,-1,-1,0,0,1,-1,-1,1,-1,1,1,-1,-1,1,-1,-1,-1,-1,1,1,-1,-1,-1,-1,Mid front unrounded vowel
ɛ̝,2,1,-1,1,1,1,-1,-1,-1,-1,-1,0,0,1,-1,-1,1,-1,1,1,-1,-1,1,-1,-1,-1,-1,1,1,-1,-1,-1,-1,Mid front unrounded vowel
ᴇ,4,1,-1,1,1,1,-1,-1,-1,-1,-1,0,0,1,-1,-1,1,-1,1,1,-1,-1,1,-1,-1,-1,-1,1,1,-1,-1,-1,-1,Mid front unrounded vowel
ø̞,0,1,-1,1,1,1,1,-1,-1,-1,-1,0,0,1,-1,-1,1,-1,1,1,-1,-1,1,-1,-1,-1,-1,1,1,-1,-1,-1,-1,Mid front rounded vowel
œ̝,2,1,-1,1,1,1,1,-1,-1,-1,-1,0,0,1,-1,-1,1,-1,1,1,-1,-1,1,-1,-1,-1,-1,1,1,-1,-1,-1,-1,Mid front rounded vowel
o̞,0,1,-1,1,1,1,1,-1,-1,-1,-1,0,0,1,-1,-1,-1,1,1,1,-1,-1,1,-1,-1,-1,-1,1,1,-1,-1,-1,-1,Mid back rounded vowel
ɔ̝,2,1,-1,1,1,1,1,-1,-1,-1,-1,0,0,1,-1,-1,-1,1,1,1,-1,-1,1,-1,-1,-1,-1,1,1,-1,-1,-1,-1,Mid back rounded vowel
ⱺ,9,1,-1,1,1,1,1,-1,-1,-1,-1,0,0,1,-1,-1,-1,1,1,1,-1,-1,1,-1,-1,-1,-1,1,1,-1,-1,-1,-1,Mid back rounded vowel
ɤ̞,0,1,-1,1,1,1,-1,-1,-1,-1,-1,0,0,1,-1,-1,-1,1,1,1,-1,-1,1,-1,-1,-1,-1,1,1,-1,-1,-1,-1,Mid back unrounded vowel
ʌ̝,2,1,-1,1,1,1,-1,-1,-1,-1,-1,0,0,1,-1,-1,-1,1,1,1,-1,-1,1,-1,-1,-1,-1,1,1,-1,-1,-1,-1,Mid back unrounded vowel
,,,,,,,,,,,,,,,,,,,,,,,,,,,,,,,,,,
# feature diacritics,,,,,,,,,,,,,,,,,,,,,,,,,,,,,,,,,,
ʰ,0,0,0,0,0,0,0,0,0,0,0,0,0,0,0,0,0,0,0,0,0,0,0,1,0,0,0,0,0,0,0,0,0,Aspirated
ʱ,0,0,0,0,0,0,0,0,0,0,0,0,0,0,0,0,0,0,0,0,0,0,1,1,0,0,0,0,0,0,0,0,0,Voiced aspirated
̤,0,0,0,0,0,0,0,0,0,0,0,0,0,0,0,0,0,0,0,0,0,0,1,1,0,0,0,0,0,0,0,0,0,Breathy voiced
ʼ,0,0,0,0,0,0,0,0,0,0,0,0,0,0,0,0,0,0,0,0,0,0,0,0,1,0,0,0,0,0,0,0,0,Ejective
̚,0,0,0,0,0,0,0,0,0,0,0,0,0,0,0,0,0,0,0,0,0,0,0,-1,0,0,0,0,0,0,0,0,0,Unreleased
̬,0,0,0,0,0,0,0,0,0,0,0,0,0,0,0,0,0,0,0,0,0,0,1,0,0,0,0,0,0,0,0,0,0,Voiced
̌,2,0,0,0,0,0,0,0,0,0,0,0,0,0,0,0,0,0,0,0,0,0,1,0,0,0,0,0,0,0,0,0,0,Voiced
̥,0,0,0,0,0,0,0,0,0,0,0,0,0,0,0,0,0,0,0,0,0,0,-1,0,0,0,0,0,0,0,0,0,0,Voiceless
̊,2,0,0,0,0,0,0,0,0,0,0,0,0,0,0,0,0,0,0,0,0,0,-1,0,0,0,0,0,0,0,0,0,0,Voiceless
ʷ,0,0,0,0,0,1,1,2,2,2,0,0,0,0,0,0,0,0,0,0,0,0,0,0,0,0,0,0,0,0,0,0,0,Labialized
ʲ,0,0,0,0,0,0,0,0,0,0,0,0,0,1,1,2,2,2,2,0,0,0,0,0,0,0,0,0,0,0,0,0,0,Palatalized
̰,0,0,0,0,0,0,0,0,0,0,0,0,0,0,0,0,0,0,0,0,0,0,1,0,1,0,0,0,0,0,0,0,0,Creaky voiced
̩,0,0,0,0,1,0,0,0,0,0,0,0,0,0,0,0,0,0,0,0,0,0,0,0,0,0,0,0,0,0,0,0,0,Syllabic
̯,0,0,0,0,-1,0,0,0,0,0,0,0,0,0,0,0,0,0,0,0,0,0,0,0,0,0,0,0,0,0,0,0,0,Non-syllabic
̃,0,0,0,0,0,0,0,0,0,0,0,0,0,0,0,0,0,0,0,0,0,0,0,0,0,0,0,0,0,0,0,0,1,Nasalized
̨,2,0,0,0,0,0,0,0,0,0,0,0,0,0,0,0,0,0,0,0,0,0,0,0,0,0,0,0,0,0,0,0,1,Nasalized
͊,0,0,0,0,0,0,0,0,0,0,0,0,0,0,0,0,0,0,0,0,0,0,0,0,0,0,0,0,0,0,0,0,-1,Denasalized
ˠ,0,0,0,0,0,0,0,0,0,0,0,0,0,1,1,-1,2,1,2,0,0,0,0,0,0,0,0,0,0,0,0,0,0,Velarized
 ̴,2,0,0,0,0,0,0,0,0,0,0,0,0,1,1,-1,2,1,2,0,0,0,0,0,0,0,0,0,0,0,0,0,0,Velarized or pharyngealized
ˤ,0,0,0,0,0,0,0,0,0,0,0,0,0,0,0,0,0,0,0,1,-1,1,0,0,0,0,0,0,0,0,0,0,0,Pharyngealized
̘,0,0,0,0,0,0,0,0,0,0,0,0,0,0,0,0,0,0,0,0,1,-1,0,0,0,0,0,0,0,0,0,0,0,Advanced tongue root
̙,0,0,0,0,0,0,0,0,0,0,0,0,0,0,0,0,0,0,0,0,-1,1,0,0,0,0,0,0,0,0,0,0,0,Retracted tongue root
˭,0,0,0,0,0,0,0,0,0,0,0,0,0,0,0,0,0,0,0,0,0,0,-1,-1,-1,0,0,0,0,0,0,0,-1,Tenuis
####,,,,,,,,,,,,,,,,,,,,,,,,,,,,,,,,,,
# This is first & foremost derived from Jason Riggle's https://dl.dropbox.com/u/5956329/Riggle/PhonChart_v1212.pdf,,,,,,,,,,,,,,,,,,,,,,,,,,,,,,,,,,
# Additions are derived largely from Wikipedia's inventory of phonetic signs,,,,,,,,,,,,,,,,,,,,,,,,,,,,,,,,,,
# Additional features include:,,,,,,,,,,,,,,,,,,,,,,,,,,,,,,,,,,
## [protruded] & [compressed] on the [labial] node,,,,,,,,,,,,,,,,,,,,,,,,,,,,,,,,,,
## [labiodental] on the [labial] node,,,,,,,,,,,,,,,,,,,,,,,,,,,,,,,,,,
## [RTR] on the [pharyngeal] node (Cf. file:///home/chrislit/Downloads/note_on_pharyngeal_features_3-08-libre.pdf),,,,,,,,,,,,,,,,,,,,,,,,,,,,,,,,,,
## [approximant] on the manner tier,,,,,,,,,,,,,,,,,,,,,,,,,,,,,,,,,,
## [glottalic_suction] and [velaric_suction] were added to the laryngeal node to distinguish implosives & clicks ,,,,,,,,,,,,,,,,,,,,,,,,,,,,,,,,,,
,,,,,,,,,,,,,,,,,,,,,,,,,,,,,,,,,,
,,,,,,,,,,,,,,,,,,,,,,,,,,,,,,,,,,
# Variant values:,,,,,,,,,,,,,,,,,,,,,,,,,,,,,,,,,,
# 0 = IPA,,,,,,,,,,,,,,,,,,,,,,,,,,,,,,,,,,
# 1 = Americanist,,,,,,,,,,,,,,,,,,,,,,,,,,,,,,,,,,
# 2 = IPA variant,,,,,,,,,,,,,,,,,,,,,,,,,,,,,,,,,,
# 3 = Americanist variant,,,,,,,,,,,,,,,,,,,,,,,,,,,,,,,,,,
# 4 = Sinologist,,,,,,,,,,,,,,,,,,,,,,,,,,,,,,,,,,
# 5 = IPA-inspired ad hoc,,,,,,,,,,,,,,,,,,,,,,,,,,,,,,,,,,
# 8 = mistakes,,,,,,,,,,,,,,,,,,,,,,,,,,,,,,,,,,
# 9 = other,,,,,,,,,,,,,,,,,,,,,,,,,,,,,,,,,,
# 10 = un-tied affricates & other co-articulated,,,,,,,,,,,,,,,,,,,,,,,,,,,,,,,,,,
,,,,,,,,,,,,,,,,,,,,,,,,,,,,,,,,,,
# Feature values:,,,,,,,,,,,,,,,,,,,,,,,,,,,,,,,,,,
# 1 = +,,,,,,,,,,,,,,,,,,,,,,,,,,,,,,,,,,
# -1 = -,,,,,,,,,,,,,,,,,,,,,,,,,,,,,,,,,,
# 0 = 0,,,,,,,,,,,,,,,,,,,,,,,,,,,,,,,,,,
# 2 = ± (segments only),,,,,,,,,,,,,,,,,,,,,,,,,,,,,,,,,,
# 2 = copy base value or set to - (non-segments only),,,,,,,,,,,,,,,,,,,,,,,,,,,,,,,,,,